negative,positive,uncertain,litigious,strongmodal,weakmodal,constraining
ABANDON,ABLE,ABEYANCE,ABOVEMENTIONED,ALWAYS,ALMOST,ABIDE
ABANDONED,ABUNDANCE,ABEYANCES,ABROGATE,BEST,APPARENTLY,ABIDING
ABANDONING,ABUNDANT,ALMOST,ABROGATED,CLEARLY,APPEARED,BOUND
ABANDONMENT,ACCLAIMED,ALTERATION,ABROGATES,DEFINITELY,APPEARING,BOUNDED
ABANDONMENTS,ACCOMPLISH,ALTERATIONS,ABROGATING,DEFINITIVELY,APPEARS,COMMIT
ABANDONS,ACCOMPLISHED,AMBIGUITIES,ABROGATION,HIGHEST,CONCEIVABLE,COMMITMENT
ABDICATED,ACCOMPLISHES,AMBIGUITY,ABROGATIONS,LOWEST,COULD,COMMITMENTS
ABDICATES,ACCOMPLISHING,AMBIGUOUS,ABSOLVE,MUST,DEPEND,COMMITS
ABDICATING,ACCOMPLISHMENT,ANOMALIES,ABSOLVED,NEVER,DEPENDED,COMMITTED
ABDICATION,ACCOMPLISHMENTS,ANOMALOUS,ABSOLVES,STRONGLY,DEPENDING,COMMITTING
ABDICATIONS,ACHIEVE,ANOMALOUSLY,ABSOLVING,UNAMBIGUOUSLY,DEPENDS,COMPEL
ABERRANT,ACHIEVED,ANOMALY,ACCESSION,UNCOMPROMISING,MAY,COMPELLED
ABERRATION,ACHIEVEMENT,ANTICIPATE,ACCESSIONS,UNDISPUTED,MAYBE,COMPELLING
ABERRATIONAL,ACHIEVEMENTS,ANTICIPATED,ACQUIREES,UNDOUBTEDLY,MIGHT,COMPELS
ABERRATIONS,ACHIEVES,ANTICIPATES,ACQUIRORS,UNEQUIVOCAL,NEARLY,COMPLY
ABETTING,ACHIEVING,ANTICIPATING,ACQUIT,UNEQUIVOCALLY,OCCASIONALLY,COMPULSION
ABNORMAL,ADEQUATELY,ANTICIPATION,ACQUITS,UNPARALLELED,PERHAPS,COMPULSORY
ABNORMALITIES,ADVANCEMENT,ANTICIPATIONS,ACQUITTAL,UNSURPASSED,POSSIBLE,CONFINE
ABNORMALITY,ADVANCEMENTS,APPARENT,ACQUITTALS,WILL,POSSIBLY,CONFINED
ABNORMALLY,ADVANCES,APPARENTLY,ACQUITTANCE,,SELDOM,CONFINEMENT
ABOLISH,ADVANCING,APPEAR,ACQUITTANCES,,SELDOMLY,CONFINES
ABOLISHED,ADVANTAGE,APPEARED,ACQUITTED,,SOMETIMES,CONFINING
ABOLISHES,ADVANTAGED,APPEARING,ACQUITTING,,SOMEWHAT,CONSTRAIN
ABOLISHING,ADVANTAGEOUS,APPEARS,ADDENDUMS,,SUGGEST,CONSTRAINED
ABROGATE,ADVANTAGEOUSLY,APPROXIMATE,ADJOURN,,SUGGESTS,CONSTRAINING
ABROGATED,ADVANTAGES,APPROXIMATED,ADJOURNED,,UNCERTAIN,CONSTRAINS
ABROGATES,ALLIANCE,APPROXIMATELY,ADJOURNING,,UNCERTAINLY,CONSTRAINT
ABROGATING,ALLIANCES,APPROXIMATES,ADJOURNMENT,,,CONSTRAINTS
ABROGATION,ASSURE,APPROXIMATING,ADJOURNMENTS,,,COVENANT
ABROGATIONS,ASSURED,APPROXIMATION,ADJOURNS,,,COVENANTED
ABRUPT,ASSURES,APPROXIMATIONS,ADJUDGE,,,COVENANTING
ABRUPTLY,ASSURING,ARBITRARILY,ADJUDGED,,,COVENANTS
ABRUPTNESS,ATTAIN,ARBITRARINESS,ADJUDGES,,,DEPEND
ABSENCE,ATTAINED,ARBITRARY,ADJUDGING,,,DEPENDANCE
ABSENCES,ATTAINING,ASSUME,ADJUDICATE,,,DEPENDANCES
ABSENTEEISM,ATTAINMENT,ASSUMED,ADJUDICATED,,,DEPENDANT
ABUSE,ATTAINMENTS,ASSUMES,ADJUDICATES,,,DEPENDENCIES
ABUSED,ATTAINS,ASSUMING,ADJUDICATING,,,DEPENDENT
ABUSES,ATTRACTIVE,ASSUMPTION,ADJUDICATION,,,DEPENDING
ABUSING,ATTRACTIVENESS,ASSUMPTIONS,ADJUDICATIONS,,,DEPENDS
ABUSIVE,BEAUTIFUL,BELIEVE,ADJUDICATIVE,,,DICTATE
ABUSIVELY,BEAUTIFULLY,BELIEVED,ADJUDICATOR,,,DICTATED
ABUSIVENESS,BENEFICIAL,BELIEVES,ADJUDICATORS,,,DICTATES
ACCIDENT,BENEFICIALLY,BELIEVING,ADJUDICATORY,,,DICTATING
ACCIDENTAL,BENEFIT,CAUTIOUS,ADMISSIBILITY,,,DIRECTIVE
ACCIDENTALLY,BENEFITED,CAUTIOUSLY,ADMISSIBLE,,,DIRECTIVES
ACCIDENTS,BENEFITING,CAUTIOUSNESS,ADMISSIBLY,,,EARMARK
ACCUSATION,BENEFITTED,CLARIFICATION,ADMISSION,,,EARMARKED
ACCUSATIONS,BENEFITTING,CLARIFICATIONS,ADMISSIONS,,,EARMARKING
ACCUSE,BEST,CONCEIVABLE,AFFIDAVIT,,,EARMARKS
ACCUSED,BETTER,CONCEIVABLY,AFFIDAVITS,,,ENCUMBER
ACCUSES,BOLSTERED,CONDITIONAL,AFFIRMANCE,,,ENCUMBERED
ACCUSING,BOLSTERING,CONDITIONALLY,AFFREIGHTMENT,,,ENCUMBERING
ACQUIESCE,BOLSTERS,CONFUSES,AFOREDESCRIBED,,,ENCUMBERS
ACQUIESCED,BOOM,CONFUSING,AFOREMENTIONED,,,ENCUMBRANCE
ACQUIESCES,BOOMING,CONFUSINGLY,AFORESAID,,,ENCUMBRANCES
ACQUIESCING,BOOST,CONFUSION,AFORESTATED,,,ENTAIL
ACQUIT,BOOSTED,CONTINGENCIES,AGGRIEVED,,,ENTAILED
ACQUITS,BREAKTHROUGH,CONTINGENCY,ALLEGATION,,,ENTAILING
ACQUITTAL,BREAKTHROUGHS,CONTINGENT,ALLEGATIONS,,,ENTAILS
ACQUITTALS,BRILLIANT,CONTINGENTLY,ALLEGE,,,ENTRENCH
ACQUITTED,CHARITABLE,CONTINGENTS,ALLEGED,,,ENTRENCHED
ACQUITTING,COLLABORATE,COULD,ALLEGEDLY,,,ESCROW
ADULTERATE,COLLABORATED,CROSSROAD,ALLEGES,,,ESCROWED
ADULTERATED,COLLABORATES,CROSSROADS,ALLEGING,,,ESCROWS
ADULTERATING,COLLABORATING,DEPEND,AMEND,,,FORBADE
ADULTERATION,COLLABORATION,DEPENDED,AMENDABLE,,,FORBID
ADULTERATIONS,COLLABORATIONS,DEPENDENCE,AMENDATORY,,,FORBIDDEN
ADVERSARIAL,COLLABORATIVE,DEPENDENCIES,AMENDED,,,FORBIDDING
ADVERSARIES,COLLABORATOR,DEPENDENCY,AMENDING,,,FORBIDS
ADVERSARY,COLLABORATORS,DEPENDENT,AMENDMENT,,,IMPAIR
ADVERSE,COMPLIMENT,DEPENDING,AMENDMENTS,,,IMPAIRED
ADVERSELY,COMPLIMENTARY,DEPENDS,AMENDS,,,IMPAIRING
ADVERSITIES,COMPLIMENTED,DESTABILIZING,ANTECEDENT,,,IMPAIRMENT
ADVERSITY,COMPLIMENTING,DEVIATE,ANTECEDENTS,,,IMPAIRMENTS
AFTERMATH,COMPLIMENTS,DEVIATED,ANTICORRUPTION,,,IMPAIRS
AFTERMATHS,CONCLUSIVE,DEVIATES,ANTITRUST,,,IMPOSE
AGAINST,CONCLUSIVELY,DEVIATING,ANYWISE,,,IMPOSED
AGGRAVATE,CONDUCIVE,DEVIATION,APPEAL,,,IMPOSES
AGGRAVATED,CONFIDENT,DEVIATIONS,APPEALABLE,,,IMPOSING
AGGRAVATES,CONSTRUCTIVE,DIFFER,APPEALED,,,IMPOSITION
AGGRAVATING,CONSTRUCTIVELY,DIFFERED,APPEALING,,,IMPOSITIONS
AGGRAVATION,COURTEOUS,DIFFERING,APPEALS,,,INDEBTED
AGGRAVATIONS,CREATIVE,DIFFERS,APPELLANT,,,INHIBIT
ALERTED,CREATIVELY,DOUBT,APPELLANTS,,,INHIBITED
ALERTING,CREATIVENESS,DOUBTED,APPELLATE,,,INHIBITING
ALIENATE,CREATIVITY,DOUBTFUL,APPELLEES,,,INHIBITS
ALIENATED,DELIGHT,DOUBTS,APPOINTOR,,,INSIST
ALIENATES,DELIGHTED,EXPOSURE,APPURTENANCE,,,INSISTED
ALIENATING,DELIGHTFUL,EXPOSURES,APPURTENANCES,,,INSISTENCE
ALIENATION,DELIGHTFULLY,FLUCTUATE,APPURTENANT,,,INSISTING
ALIENATIONS,DELIGHTING,FLUCTUATED,ARBITRABILITY,,,INSISTS
ALLEGATION,DELIGHTS,FLUCTUATES,ARBITRAL,,,IRREVOCABLE
ALLEGATIONS,DEPENDABILITY,FLUCTUATING,ARBITRATE,,,IRREVOCABLY
ALLEGE,DEPENDABLE,FLUCTUATION,ARBITRATED,,,LIMIT
ALLEGED,DESIRABLE,FLUCTUATIONS,ARBITRATES,,,LIMITING
ALLEGEDLY,DESIRED,HIDDEN,ARBITRATING,,,LIMITS
ALLEGES,DESPITE,HINGES,ARBITRATION,,,MANDATE
ALLEGING,DESTINED,IMPRECISE,ARBITRATIONAL,,,MANDATED
ANNOY,DILIGENT,IMPRECISION,ARBITRATIONS,,,MANDATES
ANNOYANCE,DILIGENTLY,IMPRECISIONS,ARBITRATIVE,,,MANDATING
ANNOYANCES,DISTINCTION,IMPROBABILITY,ARBITRATOR,,,MANDATORY
ANNOYED,DISTINCTIONS,IMPROBABLE,ARBITRATORS,,,MANDITORILY
ANNOYING,DISTINCTIVE,INCOMPLETENESS,ARREARAGE,,,NECESSITATE
ANNOYS,DISTINCTIVELY,INDEFINITE,ARREARAGES,,,NECESSITATED
ANNUL,DISTINCTIVENESS,INDEFINITELY,ASCENDANCY,,,NECESSITATES
ANNULLED,DREAM,INDEFINITENESS,ASCENDANT,,,NECESSITATING
ANNULLING,EASIER,INDETERMINABLE,ASCENDANTS,,,NONCANCELABLE
ANNULMENT,EASILY,INDETERMINATE,ASSERTABLE,,,NONCANCELLABLE
ANNULMENTS,EASY,INEXACT,ASSIGNATION,,,OBLIGATE
ANNULS,EFFECTIVE,INEXACTNESS,ASSIGNATIONS,,,OBLIGATED
ANOMALIES,EFFICIENCIES,INSTABILITIES,ASSUMABLE,,,OBLIGATES
ANOMALOUS,EFFICIENCY,INSTABILITY,ATTEST,,,OBLIGATING
ANOMALOUSLY,EFFICIENT,INTANGIBLE,ATTESTATION,,,OBLIGATION
ANOMALY,EFFICIENTLY,INTANGIBLES,ATTESTATIONS,,,OBLIGATIONS
ANTICOMPETITIVE,EMPOWER,LIKELIHOOD,ATTESTED,,,OBLIGATORY
ANTITRUST,EMPOWERED,MAY,ATTESTING,,,OBLIGE
ARGUE,EMPOWERING,MAYBE,ATTORN,,,OBLIGED
ARGUED,EMPOWERS,MIGHT,ATTORNEY,,,OBLIGES
ARGUING,ENABLE,NEARLY,ATTORNEYS,,,PERMISSIBLE
ARGUMENT,ENABLED,NONASSESSABLE,ATTORNMENT,,,PERMISSION
ARGUMENTATIVE,ENABLES,OCCASIONALLY,ATTORNS,,,PERMISSIONS
ARGUMENTS,ENABLING,ORDINARILY,BAIL,,,PERMITTED
ARREARAGE,ENCOURAGED,PENDING,BAILED,,,PERMITTING
ARREARAGES,ENCOURAGEMENT,PERHAPS,BAILEE,,,PLEDGE
ARREARS,ENCOURAGES,POSSIBILITIES,BAILEES,,,PLEDGED
ARREST,ENCOURAGING,POSSIBILITY,BAILIFF,,,PLEDGES
ARRESTED,ENHANCE,POSSIBLE,BAILIFFS,,,PLEDGING
ARRESTS,ENHANCED,POSSIBLY,BAILMENT,,,PRECLUDE
ARTIFICIALLY,ENHANCEMENT,PRECAUTION,BENEFICIATED,,,PRECLUDED
ASSAULT,ENHANCEMENTS,PRECAUTIONARY,BENEFICIATION,,,PRECLUDES
ASSAULTED,ENHANCES,PRECAUTIONS,BONA,,,PRECLUDING
ASSAULTING,ENHANCING,PREDICT,BONAFIDE,,,PRECONDITION
ASSAULTS,ENJOY,PREDICTABILITY,BREACH,,,PRECONDITIONS
ASSERTIONS,ENJOYABLE,PREDICTED,BREACHED,,,PRESET
ATTRITION,ENJOYABLY,PREDICTING,BREACHES,,,PREVENT
AVERSELY,ENJOYED,PREDICTION,BREACHING,,,PREVENTED
BACKDATING,ENJOYING,PREDICTIONS,CEDANT,,,PREVENTING
BAD,ENJOYMENT,PREDICTIVE,CEDANTS,,,PREVENTS
BAIL,ENJOYS,PREDICTOR,CERTIORARI,,,PROHIBIT
BAILOUT,ENTHUSIASM,PREDICTORS,CESSION,,,PROHIBITED
BALK,ENTHUSIASTIC,PREDICTS,CHATTEL,,,PROHIBITING
BALKED,ENTHUSIASTICALLY,PRELIMINARILY,CHATTELS,,,PROHIBITION
BANKRUPT,EXCELLENCE,PRELIMINARY,CHOATE,,,PROHIBITIONS
BANKRUPTCIES,EXCELLENT,PRESUMABLY,CLAIM,,,PROHIBITIVE
BANKRUPTCY,EXCELLING,PRESUME,CLAIMABLE,,,PROHIBITIVELY
BANKRUPTED,EXCELS,PRESUMED,CLAIMANT,,,PROHIBITORY
BANKRUPTING,EXCEPTIONAL,PRESUMES,CLAIMANTS,,,PROHIBITS
BANKRUPTS,EXCEPTIONALLY,PRESUMING,CLAIMHOLDER,,,REFRAIN
BANS,EXCITED,PRESUMPTION,CLAIMS,,,REFRAINING
BARRED,EXCITEMENT,PRESUMPTIONS,CLAWBACKS,,,REFRAINS
BARRIER,EXCITING,PROBABILISTIC,CODEFENDANT,,,REQUIRE
BARRIERS,EXCLUSIVE,PROBABILITIES,CODEFENDANTS,,,REQUIRED
BOTTLENECK,EXCLUSIVELY,PROBABILITY,CODICIL,,,REQUIREMENT
BOTTLENECKS,EXCLUSIVENESS,PROBABLE,CODICILS,,,REQUIREMENTS
BOYCOTT,EXCLUSIVES,PROBABLY,CODIFICATION,,,REQUIRES
BOYCOTTED,EXCLUSIVITY,RANDOM,CODIFICATIONS,,,REQUIRING
BOYCOTTING,EXEMPLARY,RANDOMIZE,CODIFIED,,,RESTRAIN
BOYCOTTS,FANTASTIC,RANDOMIZED,CODIFIES,,,RESTRAINED
BREACH,FAVORABLE,RANDOMIZES,CODIFY,,,RESTRAINING
BREACHED,FAVORABLY,RANDOMIZING,CODIFYING,,,RESTRAINS
BREACHES,FAVORED,RANDOMLY,COLLUSION,,,RESTRAINT
BREACHING,FAVORING,RANDOMNESS,COMPENSATORY,,,RESTRAINTS
BREAK,FAVORITE,REASSESS,COMPLAINANT,,,RESTRICT
BREAKAGE,FAVORITES,REASSESSED,COMPLAINANTS,,,RESTRICTED
BREAKAGES,FRIENDLY,REASSESSES,CONDEMNOR,,,RESTRICTING
BREAKDOWN,GAIN,REASSESSING,CONFISCATORY,,,RESTRICTION
BREAKDOWNS,GAINED,REASSESSMENT,CONSENT,,,RESTRICTIONS
BREAKING,GAINING,REASSESSMENTS,CONSENTED,,,RESTRICTIVE
BREAKS,GAINS,RECALCULATE,CONSENTING,,,RESTRICTIVELY
BRIBE,GOOD,RECALCULATED,CONSENTS,,,RESTRICTIVENESS
BRIBED,GREAT,RECALCULATES,CONSERVATORSHIPS,,,RESTRICTS
BRIBERIES,GREATER,RECALCULATING,CONSTITUTION,,,STIPULATE
BRIBERY,GREATEST,RECALCULATION,CONSTITUTIONAL,,,STIPULATED
BRIBES,GREATLY,RECALCULATIONS,CONSTITUTIONALITY,,,STIPULATES
BRIBING,GREATNESS,RECONSIDER,CONSTITUTIONALLY,,,STIPULATING
BRIDGE,HAPPIEST,RECONSIDERED,CONSTITUTIONS,,,STIPULATION
BROKEN,HAPPILY,RECONSIDERING,CONSTITUTIVE,,,STIPULATIONS
BURDEN,HAPPINESS,RECONSIDERS,CONSTRUE,,,STRICT
BURDENED,HAPPY,REEXAMINATION,CONSTRUED,,,STRICTER
BURDENING,HIGHEST,REEXAMINE,CONSTRUES,,,STRICTEST
BURDENS,HONOR,REEXAMINING,CONSTRUING,,,STRICTLY
BURDENSOME,HONORABLE,REINTERPRET,CONTESTABILITY,,,UNAVAILABILITY
BURNED,HONORED,REINTERPRETATION,CONTESTATION,,,UNAVAILABLE
CALAMITIES,HONORING,REINTERPRETATIONS,CONTRACT,,,
CALAMITOUS,HONORS,REINTERPRETED,CONTRACTED,,,
CALAMITY,IDEAL,REINTERPRETING,CONTRACTHOLDER,,,
CANCEL,IMPRESS,REINTERPRETS,CONTRACTHOLDERS,,,
CANCELED,IMPRESSED,REVISE,CONTRACTIBLE,,,
CANCELING,IMPRESSES,REVISED,CONTRACTILE,,,
CANCELLATION,IMPRESSING,RISK,CONTRACTING,,,
CANCELLATIONS,IMPRESSIVE,RISKED,CONTRACTS,,,
CANCELLED,IMPRESSIVELY,RISKIER,CONTRACTUAL,,,
CANCELLING,IMPROVE,RISKIEST,CONTRACTUALLY,,,
CANCELS,IMPROVED,RISKINESS,CONTRAVENE,,,
CARELESS,IMPROVEMENT,RISKING,CONTRAVENED,,,
CARELESSLY,IMPROVEMENTS,RISKS,CONTRAVENES,,,
CARELESSNESS,IMPROVES,RISKY,CONTRAVENING,,,
CATASTROPHE,IMPROVING,ROUGHLY,CONTRAVENTION,,,
CATASTROPHES,INCREDIBLE,RUMORS,CONTRAVENTIONS,,,
CATASTROPHIC,INCREDIBLY,SEEMS,CONTROVERT,,,
CATASTROPHICALLY,INFLUENTIAL,SELDOM,CONTROVERTED,,,
CAUTION,INFORMATIVE,SELDOMLY,CONTROVERTING,,,
CAUTIONARY,INGENUITY,SOMETIME,CONVENIENS,,,
CAUTIONED,INNOVATE,SOMETIMES,CONVEYANCE,,,
CAUTIONING,INNOVATED,SOMEWHAT,CONVEYANCES,,,
CAUTIONS,INNOVATES,SOMEWHERE,CONVICT,,,
CEASE,INNOVATING,SPECULATE,CONVICTED,,,
CEASED,INNOVATION,SPECULATED,CONVICTING,,,
CEASES,INNOVATIONS,SPECULATES,CONVICTION,,,
CEASING,INNOVATIVE,SPECULATING,CONVICTIONS,,,
CENSURE,INNOVATIVENESS,SPECULATION,COTERMINOUS,,,
CENSURED,INNOVATOR,SPECULATIONS,COUNSEL,,,
CENSURES,INNOVATORS,SPECULATIVE,COUNSELED,,,
CENSURING,INSIGHTFUL,SPECULATIVELY,COUNSELLED,,,
CHALLENGE,INSPIRATION,SPORADIC,COUNSELS,,,
CHALLENGED,INSPIRATIONAL,SPORADICALLY,COUNTERSIGNOR,,,
CHALLENGES,INTEGRITY,SUDDEN,COUNTERSUED,,,
CHALLENGING,INVENT,SUDDENLY,COUNTERSUIT,,,
CHARGEOFFS,INVENTED,SUGGEST,COUNTERSUITS,,,
CIRCUMVENT,INVENTING,SUGGESTED,COURT,,,
CIRCUMVENTED,INVENTION,SUGGESTING,COURTROOM,,,
CIRCUMVENTING,INVENTIONS,SUGGESTS,COURTS,,,
CIRCUMVENTION,INVENTIVE,SUSCEPTIBILITY,CRIME,,,
CIRCUMVENTIONS,INVENTIVENESS,TENDING,CRIMES,,,
CIRCUMVENTS,INVENTOR,TENTATIVE,CRIMINAL,,,
CLAIMING,INVENTORS,TENTATIVELY,CRIMINALITY,,,
CLAIMS,LEADERSHIP,TURBULENCE,CRIMINALIZE,,,
CLAWBACK,LEADING,UNCERTAIN,CRIMINALIZING,,,
CLOSED,LOYAL,UNCERTAINLY,CRIMINALLY,,,
CLOSEOUT,LUCRATIVE,UNCERTAINTIES,CRIMINALS,,,
CLOSEOUTS,MERITORIOUS,UNCERTAINTY,CROSSCLAIM,,,
CLOSING,OPPORTUNITIES,UNCLEAR,CROSSCLAIMS,,,
CLOSINGS,OPPORTUNITY,UNCONFIRMED,DECEDENT,,,
CLOSURE,OPTIMISTIC,UNDECIDED,DECEDENTS,,,
CLOSURES,OUTPERFORM,UNDEFINED,DECLARANT,,,
COERCE,OUTPERFORMED,UNDESIGNATED,DECREE,,,
COERCED,OUTPERFORMING,UNDETECTABLE,DECREED,,,
COERCES,OUTPERFORMS,UNDETERMINABLE,DECREEING,,,
COERCING,PERFECT,UNDETERMINED,DECREES,,,
COERCION,PERFECTED,UNDOCUMENTED,DEFALCATION,,,
COERCIVE,PERFECTLY,UNEXPECTED,DEFALCATIONS,,,
COLLAPSE,PERFECTS,UNEXPECTEDLY,DEFEASANCE,,,
COLLAPSED,PLEASANT,UNFAMILIAR,DEFEASANCES,,,
COLLAPSES,PLEASANTLY,UNFAMILIARITY,DEFEASE,,,
COLLAPSING,PLEASED,UNFORECASTED,DEFEASED,,,
COLLISION,PLEASURE,UNFORSEEN,DEFEASEMENT,,,
COLLISIONS,PLENTIFUL,UNGUARANTEED,DEFEASES,,,
COLLUDE,POPULAR,UNHEDGED,DEFEASING,,,
COLLUDED,POPULARITY,UNIDENTIFIABLE,DEFECTIVELY,,,
COLLUDES,POSITIVE,UNIDENTIFIED,DEFENDABLE,,,
COLLUDING,POSITIVELY,UNKNOWN,DEFENDANT,,,
COLLUSION,PREEMINENCE,UNKNOWNS,DEFENDANTS,,,
COLLUSIONS,PREEMINENT,UNOBSERVABLE,DEFERENCE,,,
COLLUSIVE,PREMIER,UNPLANNED,DELEGABLE,,,
COMPLAIN,PREMIERE,UNPREDICTABILITY,DELEGATABLE,,,
COMPLAINED,PRESTIGE,UNPREDICTABLE,DELEGATEE,,,
COMPLAINING,PRESTIGIOUS,UNPREDICTABLY,DELEGEES,,,
COMPLAINS,PROACTIVE,UNPREDICTED,DEMURRED,,,
COMPLAINT,PROACTIVELY,UNPROVED,DEMURRER,,,
COMPLAINTS,PROFICIENCY,UNPROVEN,DEMURRERS,,,
COMPLICATE,PROFICIENT,UNQUANTIFIABLE,DEMURRING,,,
COMPLICATED,PROFICIENTLY,UNQUANTIFIED,DEMURS,,,
COMPLICATES,PROFITABILITY,UNRECONCILED,DEPOSE,,,
COMPLICATING,PROFITABLE,UNSEASONABLE,DEPOSED,,,
COMPLICATION,PROFITABLY,UNSEASONABLY,DEPOSES,,,
COMPLICATIONS,PROGRESS,UNSETTLED,DEPOSING,,,
COMPULSION,PROGRESSED,UNSPECIFIC,DEPOSITION,,,
CONCEALED,PROGRESSES,UNSPECIFIED,DEPOSITIONAL,,,
CONCEALING,PROGRESSING,UNTESTED,DEPOSITIONS,,,
CONCEDE,PROSPERED,UNUSUAL,DEROGATE,,,
CONCEDED,PROSPERING,UNUSUALLY,DEROGATED,,,
CONCEDES,PROSPERITY,UNWRITTEN,DEROGATES,,,
CONCEDING,PROSPEROUS,VAGARIES,DEROGATING,,,
CONCERN,PROSPERS,VAGUE,DEROGATION,,,
CONCERNED,REBOUND,VAGUELY,DEROGATIONS,,,
CONCERNS,REBOUNDED,VAGUENESS,DESIGNATOR,,,
CONCILIATING,REBOUNDING,VAGUENESSES,DESIST,,,
CONCILIATION,RECEPTIVE,VAGUER,DETAINER,,,
CONCILIATIONS,REGAIN,VAGUEST,DEVISEES,,,
CONDEMN,REGAINED,VARIABILITY,DISAFFILIATION,,,
CONDEMNATION,REGAINING,VARIABLE,DISAFFIRM,,,
CONDEMNATIONS,RESOLVE,VARIABLES,DISAFFIRMANCE,,,
CONDEMNED,REVOLUTIONIZE,VARIABLY,DISAFFIRMED,,,
CONDEMNING,REVOLUTIONIZED,VARIANCE,DISAFFIRMS,,,
CONDEMNS,REVOLUTIONIZES,VARIANCES,DISPOSITIVE,,,
CONDONE,REVOLUTIONIZING,VARIANT,DISPOSSESSION,,,
CONDONED,REWARD,VARIANTS,DISPOSSESSORY,,,
CONFESS,REWARDED,VARIATION,DISTRAINT,,,
CONFESSED,REWARDING,VARIATIONS,DISTRIBUTEE,,,
CONFESSES,REWARDS,VARIED,DISTRIBUTEES,,,
CONFESSING,SATISFACTION,VARIES,DOCKET,,,
CONFESSION,SATISFACTORILY,VARY,DOCKETED,,,
CONFINE,SATISFACTORY,VARYING,DOCKETING,,,
CONFINED,SATISFIED,VOLATILE,DOCKETS,,,
CONFINEMENT,SATISFIES,VOLATILITIES,DONEES,,,
CONFINEMENTS,SATISFY,VOLATILITY,DULY,,,
CONFINES,SATISFYING,,EJECTMENT,,,
CONFINING,SMOOTH,,ENCUMBER,,,
CONFISCATE,SMOOTHING,,ENCUMBERED,,,
CONFISCATED,SMOOTHLY,,ENCUMBERING,,,
CONFISCATES,SMOOTHS,,ENCUMBERS,,,
CONFISCATING,SOLVES,,ENCUMBRANCE,,,
CONFISCATION,SOLVING,,ENCUMBRANCER,,,
CONFISCATIONS,SPECTACULAR,,ENCUMBRANCERS,,,
CONFLICT,SPECTACULARLY,,ENCUMBRANCES,,,
CONFLICTED,STABILITY,,ENDORSEE,,,
CONFLICTING,STABILIZATION,,ENFORCEABILITY,,,
CONFLICTS,STABILIZATIONS,,ENFORCEABLE,,,
CONFRONT,STABILIZE,,ENFORCEABLY,,,
CONFRONTATION,STABILIZED,,ESCHEAT,,,
CONFRONTATIONAL,STABILIZES,,ESCHEATED,,,
CONFRONTATIONS,STABILIZING,,ESCHEATMENT,,,
CONFRONTED,STABLE,,ESCROWING,,,
CONFRONTING,STRENGTH,,ESTOPPEL,,,
CONFRONTS,STRENGTHEN,,EVIDENTIAL,,,
CONFUSE,STRENGTHENED,,EVIDENTIARY,,,
CONFUSED,STRENGTHENING,,EXCEEDANCE,,,
CONFUSES,STRENGTHENS,,EXCEEDANCES,,,
CONFUSING,STRENGTHS,,EXCEEDENCES,,,
CONFUSINGLY,STRONG,,EXCISED,,,
CONFUSION,STRONGER,,EXCULPATE,,,
CONSPIRACIES,STRONGEST,,EXCULPATED,,,
CONSPIRACY,SUCCEED,,EXCULPATES,,,
CONSPIRATOR,SUCCEEDED,,EXCULPATING,,,
CONSPIRATORIAL,SUCCEEDING,,EXCULPATION,,,
CONSPIRATORS,SUCCEEDS,,EXCULPATIONS,,,
CONSPIRE,SUCCESS,,EXCULPATORY,,,
CONSPIRED,SUCCESSES,,EXECUTOR,,,
CONSPIRES,SUCCESSFUL,,EXECUTORS,,,
CONSPIRING,SUCCESSFULLY,,EXECUTORY,,,
CONTEMPT,SUPERIOR,,EXECUTRICES,,,
CONTEND,SURPASS,,EXECUTRIX,,,
CONTENDED,SURPASSED,,EXECUTRIXES,,,
CONTENDING,SURPASSES,,EXTRACONTRACTUAL,,,
CONTENDS,SURPASSING,,EXTRACORPOREAL,,,
CONTENTION,TRANSPARENCY,,EXTRAJUDICIAL,,,
CONTENTIONS,TREMENDOUS,,FACIE,,,
CONTENTIOUS,TREMENDOUSLY,,FACTO,,,
CONTENTIOUSLY,UNMATCHED,,FELONIES,,,
CONTESTED,UNPARALLELED,,FELONIOUS,,,
CONTESTING,UNSURPASSED,,FELONY,,,
CONTRACTION,UPTURN,,FIDE,,,
CONTRACTIONS,UPTURNS,,FORBADE,,,
CONTRADICT,VALUABLE,,FORBEAR,,,
CONTRADICTED,VERSATILE,,FORBEARANCE,,,
CONTRADICTING,VERSATILITY,,FORBEARANCES,,,
CONTRADICTION,VIBRANCY,,FORBEARING,,,
CONTRADICTIONS,VIBRANT,,FORBEARS,,,
CONTRADICTORY,WIN,,FOREBEAR,,,
CONTRADICTS,WINNER,,FOREBEARANCE,,,
CONTRARY,WINNERS,,FOREBEARS,,,
CONTROVERSIAL,WINNING,,FORFEITABILITY,,,
CONTROVERSIES,WORTHY,,FORFEITABLE,,,
CONTROVERSY,,,FORTHWITH,,,
CONVICT,,,FORWHICH,,,
CONVICTED,,,FUGITIVE,,,
CONVICTING,,,FUGITIVES,,,
CONVICTION,,,FURTHERANCE,,,
CONVICTIONS,,,GRANTOR,,,
CORRECTED,,,GRANTORS,,,
CORRECTING,,,HENCEFORTH,,,
CORRECTION,,,HENCEFORWARD,,,
CORRECTIONS,,,HEREAFTER,,,
CORRECTS,,,HEREBY,,,
CORRUPT,,,HEREDITAMENTS,,,
CORRUPTED,,,HEREFOR,,,
CORRUPTING,,,HEREFORE,,,
CORRUPTION,,,HEREFROM,,,
CORRUPTIONS,,,HEREIN,,,
CORRUPTLY,,,HEREINABOVE,,,
CORRUPTNESS,,,HEREINAFTER,,,
COSTLY,,,HEREINBEFORE,,,
COUNTERCLAIM,,,HEREINBELOW,,,
COUNTERCLAIMED,,,HEREOF,,,
COUNTERCLAIMING,,,HEREON,,,
COUNTERCLAIMS,,,HERETO,,,
COUNTERFEIT,,,HERETOFORE,,,
COUNTERFEITED,,,HEREUNDER,,,
COUNTERFEITER,,,HEREUNTO,,,
COUNTERFEITERS,,,HEREUPON,,,
COUNTERFEITING,,,HEREWITH,,,
COUNTERFEITS,,,HEREWITHIN,,,
COUNTERMEASURE,,,IMMATERIALITY,,,
COUNTERMEASURES,,,IMPLEADED,,,
CRIME,,,INASMUCH,,,
CRIMES,,,INCAPACITY,,,
CRIMINAL,,,INCARCERATE,,,
CRIMINALLY,,,INCARCERATED,,,
CRIMINALS,,,INCARCERATES,,,
CRISES,,,INCARCERATING,,,
CRISIS,,,INCARCERATION,,,
CRITICAL,,,INCARCERATIONS,,,
CRITICALLY,,,INCHOATE,,,
CRITICISM,,,INCONTESTABILITY,,,
CRITICISMS,,,INCONTESTABLE,,,
CRITICIZE,,,INDEMNIFIABLE,,,
CRITICIZED,,,INDEMNIFICATION,,,
CRITICIZES,,,INDEMNIFICATIONS,,,
CRITICIZING,,,INDEMNIFIED,,,
CRUCIAL,,,INDEMNIFIES,,,
CRUCIALLY,,,INDEMNIFY,,,
CULPABILITY,,,INDEMNIFYING,,,
CULPABLE,,,INDEMNITEE,,,
CULPABLY,,,INDEMNITEES,,,
CUMBERSOME,,,INDEMNITIES,,,
CURTAIL,,,INDEMNITOR,,,
CURTAILED,,,INDEMNITORS,,,
CURTAILING,,,INDEMNITY,,,
CURTAILMENT,,,INDICT,,,
CURTAILMENTS,,,INDICTABLE,,,
CURTAILS,,,INDICTED,,,
CUT,,,INDICTING,,,
CUTBACK,,,INDICTMENT,,,
CUTBACKS,,,INDICTMENTS,,,
CYBERATTACK,,,INDORSEES,,,
CYBERATTACKS,,,INFORCE,,,
CYBERBULLYING,,,INFRACTION,,,
CYBERCRIME,,,INFRACTIONS,,,
CYBERCRIMES,,,INFRINGER,,,
CYBERCRIMINAL,,,INJUNCTION,,,
CYBERCRIMINALS,,,INJUNCTIONS,,,
DAMAGE,,,INJUNCTIVE,,,
DAMAGED,,,INSOFAR,,,
DAMAGES,,,INTERLOCUTORY,,,
DAMAGING,,,INTERPLEADER,,,
DAMPEN,,,INTERPOSE,,,
DAMPENED,,,INTERPOSED,,,
DANGER,,,INTERPOSES,,,
DANGEROUS,,,INTERPOSING,,,
DANGEROUSLY,,,INTERPOSITION,,,
DANGERS,,,INTERPOSITIONS,,,
DEADLOCK,,,INTERROGATE,,,
DEADLOCKED,,,INTERROGATED,,,
DEADLOCKING,,,INTERROGATES,,,
DEADLOCKS,,,INTERROGATING,,,
DEADWEIGHT,,,INTERROGATION,,,
DEADWEIGHTS,,,INTERROGATIONS,,,
DEBARMENT,,,INTERROGATOR,,,
DEBARMENTS,,,INTERROGATORIES,,,
DEBARRED,,,INTERROGATORS,,,
DECEASED,,,INTERROGATORY,,,
DECEIT,,,INTESTACY,,,
DECEITFUL,,,INTESTATE,,,
DECEITFULNESS,,,IRREVOCABILITY,,,
DECEIVE,,,IRREVOCABLE,,,
DECEIVED,,,IRREVOCABLY,,,
DECEIVES,,,JOINDER,,,
DECEIVING,,,JUDICIAL,,,
DECEPTION,,,JUDICIALLY,,,
DECEPTIONS,,,JUDICIARIES,,,
DECEPTIVE,,,JUDICIARY,,,
DECEPTIVELY,,,JURIES,,,
DECLINE,,,JURIS,,,
DECLINED,,,JURISDICTION,,,
DECLINES,,,JURISDICTIONAL,,,
DECLINING,,,JURISDICTIONALLY,,,
DEFACE,,,JURISDICTIONS,,,
DEFACED,,,JURISPRUDENCE,,,
DEFACEMENT,,,JURIST,,,
DEFAMATION,,,JURISTS,,,
DEFAMATIONS,,,JUROR,,,
DEFAMATORY,,,JURORS,,,
DEFAME,,,JURY,,,
DEFAMED,,,JURYMAN,,,
DEFAMES,,,JUSTICE,,,
DEFAMING,,,JUSTICES,,,
DEFAULT,,,LAW,,,
DEFAULTED,,,LAWFUL,,,
DEFAULTING,,,LAWFULLY,,,
DEFAULTS,,,LAWFULNESS,,,
DEFEAT,,,LAWMAKERS,,,
DEFEATED,,,LAWMAKING,,,
DEFEATING,,,LAWS,,,
DEFEATS,,,LAWSUIT,,,
DEFECT,,,LAWSUITS,,,
DEFECTIVE,,,LAWYER,,,
DEFECTS,,,LAWYERS,,,
DEFEND,,,LEGAL,,,
DEFENDANT,,,LEGALESE,,,
DEFENDANTS,,,LEGALITY,,,
DEFENDED,,,LEGALIZATION,,,
DEFENDING,,,LEGALIZATIONS,,,
DEFENDS,,,LEGALIZE,,,
DEFENSIVE,,,LEGALIZED,,,
DEFER,,,LEGALIZES,,,
DEFICIENCIES,,,LEGALIZING,,,
DEFICIENCY,,,LEGALLY,,,
DEFICIENT,,,LEGALS,,,
DEFICIT,,,LEGATEE,,,
DEFICITS,,,LEGATEES,,,
DEFRAUD,,,LEGISLATE,,,
DEFRAUDED,,,LEGISLATED,,,
DEFRAUDING,,,LEGISLATES,,,
DEFRAUDS,,,LEGISLATING,,,
DEFUNCT,,,LEGISLATION,,,
DEGRADATION,,,LEGISLATIONS,,,
DEGRADATIONS,,,LEGISLATIVE,,,
DEGRADE,,,LEGISLATIVELY,,,
DEGRADED,,,LEGISLATOR,,,
DEGRADES,,,LEGISLATORS,,,
DEGRADING,,,LEGISLATURE,,,
DELAY,,,LEGISLATURES,,,
DELAYED,,,LIBEL,,,
DELAYING,,,LIBELED,,,
DELAYS,,,LIBELOUS,,,
DELETERIOUS,,,LIBELS,,,
DELIBERATE,,,LICENSABLE,,,
DELIBERATED,,,LIENHOLDERS,,,
DELIBERATELY,,,LITIGANT,,,
DELINQUENCIES,,,LITIGANTS,,,
DELINQUENCY,,,LITIGATE,,,
DELINQUENT,,,LITIGATED,,,
DELINQUENTLY,,,LITIGATES,,,
DELINQUENTS,,,LITIGATING,,,
DELIST,,,LITIGATION,,,
DELISTED,,,LITIGATIONS,,,
DELISTING,,,LITIGATOR,,,
DELISTS,,,LITIGATORS,,,
DEMISE,,,LITIGIOUS,,,
DEMISED,,,LITIGIOUSNESS,,,
DEMISES,,,MAJEURE,,,
DEMISING,,,MANDAMUS,,,
DEMOLISH,,,MEDIATE,,,
DEMOLISHED,,,MEDIATED,,,
DEMOLISHES,,,MEDIATES,,,
DEMOLISHING,,,MEDIATING,,,
DEMOLITION,,,MEDIATION,,,
DEMOLITIONS,,,MEDIATIONS,,,
DEMOTE,,,MEDIATOR,,,
DEMOTED,,,MEDIATORS,,,
DEMOTES,,,MISDEMEANOR,,,
DEMOTING,,,MISFEASANCE,,,
DEMOTION,,,MISTRIAL,,,
DEMOTIONS,,,MISTRIALS,,,
DENIAL,,,MOREOVER,,,
DENIALS,,,MOTIONS,,,
DENIED,,,MUTANDIS,,,
DENIES,,,NOLO,,,
DENIGRATE,,,NONAPPEALABLE,,,
DENIGRATED,,,NONBREACHING,,,
DENIGRATES,,,NONCONTINGENT,,,
DENIGRATING,,,NONCONTRACT,,,
DENIGRATION,,,NONCONTRACTUAL,,,
DENY,,,NONCONTRIBUTORY,,,
DENYING,,,NONFEASANCE,,,
DEPLETE,,,NONFIDUCIARY,,,
DEPLETED,,,NONFORFEITABILITY,,,
DEPLETES,,,NONFORFEITABLE,,,
DEPLETING,,,NONFORFEITURE,,,
DEPLETION,,,NONGUARANTOR,,,
DEPLETIONS,,,NONINFRINGEMENT,,,
DEPRECATION,,,NONINFRINGING,,,
DEPRESS,,,NONJUDICIAL,,,
DEPRESSED,,,NONJUDICIALLY,,,
DEPRESSES,,,NONJURISDICTIONAL,,,
DEPRESSING,,,NONSEVERABLE,,,
DEPRIVATION,,,NONTERMINABLE,,,
DEPRIVE,,,NONUSURIOUS,,,
DEPRIVED,,,NOTARIAL,,,
DEPRIVES,,,NOTARIES,,,
DEPRIVING,,,NOTARIZATION,,,
DERELICT,,,NOTARIZATIONS,,,
DERELICTION,,,NOTARIZE,,,
DEROGATORY,,,NOTARIZED,,,
DESTABILIZATION,,,NOTARIZING,,,
DESTABILIZE,,,NOTARY,,,
DESTABILIZED,,,NOTWITHSTANDING,,,
DESTABILIZING,,,NOVO,,,
DESTROY,,,NULLIFICATION,,,
DESTROYED,,,NULLIFICATIONS,,,
DESTROYING,,,NULLIFIED,,,
DESTROYS,,,NULLIFIES,,,
DESTRUCTION,,,NULLIFY,,,
DESTRUCTIVE,,,NULLIFYING,,,
DETAIN,,,NULLITIES,,,
DETAINED,,,NULLITY,,,
DETENTION,,,OBLIGEE,,,
DETENTIONS,,,OBLIGEES,,,
DETER,,,OBLIGOR,,,
DETERIORATE,,,OBLIGORS,,,
DETERIORATED,,,OFFENSE,,,
DETERIORATES,,,OFFEREE,,,
DETERIORATING,,,OFFEREES,,,
DETERIORATION,,,OFFEROR,,,
DETERIORATIONS,,,OFFERORS,,,
DETERRED,,,OPTIONEE,,,
DETERRENCE,,,OPTIONEES,,,
DETERRENCES,,,OVERRULE,,,
DETERRENT,,,OVERRULED,,,
DETERRENTS,,,OVERRULES,,,
DETERRING,,,OVERRULING,,,
DETERS,,,PARA,,,
DETRACT,,,PARI,,,
DETRACTED,,,PASSU,,,
DETRACTING,,,PATENTEE,,,
DETRIMENT,,,PECUNIARILY,,,
DETRIMENTAL,,,PERJURY,,,
DETRIMENTALLY,,,PERMITTEE,,,
DETRIMENTS,,,PERMITTEES,,,
DEVALUE,,,PERPETRATE,,,
DEVALUED,,,PERPETRATED,,,
DEVALUES,,,PERPETRATES,,,
DEVALUING,,,PERPETRATING,,,
DEVASTATE,,,PERPETRATION,,,
DEVASTATED,,,PERSONAM,,,
DEVASTATING,,,PETITION,,,
DEVASTATION,,,PETITIONED,,,
DEVIATE,,,PETITIONER,,,
DEVIATED,,,PETITIONERS,,,
DEVIATES,,,PETITIONING,,,
DEVIATING,,,PETITIONS,,,
DEVIATION,,,PLAINTIFF,,,
DEVIATIONS,,,PLAINTIFFS,,,
DEVOLVE,,,PLEADING,,,
DEVOLVED,,,PLEADINGS,,,
DEVOLVES,,,PLEADS,,,
DEVOLVING,,,PLEAS,,,
DIFFICULT,,,PLEDGEE,,,
DIFFICULTIES,,,PLEDGEES,,,
DIFFICULTLY,,,PLEDGOR,,,
DIFFICULTY,,,PLEDGORS,,,
DIMINISH,,,POSSESSORY,,,
DIMINISHED,,,POSTCLOSING,,,
DIMINISHES,,,POSTCLOSURE,,,
DIMINISHING,,,POSTCONTRACT,,,
DIMINUTION,,,POSTJUDGMENT,,,
DISADVANTAGE,,,PREAMENDMENT,,,
DISADVANTAGED,,,PREDECEASE,,,
DISADVANTAGEOUS,,,PREDECEASED,,,
DISADVANTAGES,,,PREDECEASES,,,
DISAFFILIATION,,,PREDECEASING,,,
DISAGREE,,,PREHEARING,,,
DISAGREEABLE,,,PREJUDICE,,,
DISAGREED,,,PREJUDICED,,,
DISAGREEING,,,PREJUDICES,,,
DISAGREEMENT,,,PREJUDICIAL,,,
DISAGREEMENTS,,,PREJUDICING,,,
DISAGREES,,,PREPETITION,,,
DISALLOW,,,PRESUMPTIVELY,,,
DISALLOWANCE,,,PRETRIAL,,,
DISALLOWANCES,,,PRIMA,,,
DISALLOWED,,,PRIVITY,,,
DISALLOWING,,,PROBATE,,,
DISALLOWS,,,PROBATED,,,
DISAPPEAR,,,PROBATES,,,
DISAPPEARANCE,,,PROBATING,,,
DISAPPEARANCES,,,PROBATION,,,
DISAPPEARED,,,PROBATIONAL,,,
DISAPPEARING,,,PROBATIONARY,,,
DISAPPEARS,,,PROBATIONER,,,
DISAPPOINT,,,PROBATIONERS,,,
DISAPPOINTED,,,PROBATIONS,,,
DISAPPOINTING,,,PROMULGATE,,,
DISAPPOINTINGLY,,,PROMULGATED,,,
DISAPPOINTMENT,,,PROMULGATES,,,
DISAPPOINTMENTS,,,PROMULGATING,,,
DISAPPOINTS,,,PROMULGATION,,,
DISAPPROVAL,,,PROMULGATIONS,,,
DISAPPROVALS,,,PROMULGATOR,,,
DISAPPROVE,,,PROMULGATORS,,,
DISAPPROVED,,,PRORATA,,,
DISAPPROVES,,,PRORATION,,,
DISAPPROVING,,,PROSECUTE,,,
DISASSOCIATES,,,PROSECUTED,,,
DISASSOCIATING,,,PROSECUTES,,,
DISASSOCIATION,,,PROSECUTING,,,
DISASSOCIATIONS,,,PROSECUTION,,,
DISASTER,,,PROSECUTIONS,,,
DISASTERS,,,PROSECUTOR,,,
DISASTROUS,,,PROSECUTORIAL,,,
DISASTROUSLY,,,PROSECUTORS,,,
DISAVOW,,,PROVISO,,,
DISAVOWAL,,,PROVISOES,,,
DISAVOWED,,,PROVISOS,,,
DISAVOWING,,,PUNISHABLE,,,
DISAVOWS,,,QUITCLAIM,,,
DISCIPLINARY,,,QUITCLAIMS,,,
DISCLAIM,,,RATA,,,
DISCLAIMED,,,RATABLE,,,
DISCLAIMER,,,RATABLY,,,
DISCLAIMERS,,,REARGUMENT,,,
DISCLAIMING,,,REBUT,,,
DISCLAIMS,,,REBUTS,,,
DISCLOSE,,,REBUTTABLE,,,
DISCLOSED,,,REBUTTABLY,,,
DISCLOSES,,,REBUTTAL,,,
DISCLOSING,,,REBUTTALS,,,
DISCONTINUANCE,,,REBUTTED,,,
DISCONTINUANCES,,,REBUTTING,,,
DISCONTINUATION,,,RECORDATION,,,
DISCONTINUATIONS,,,RECOUPABLE,,,
DISCONTINUE,,,RECOUPMENT,,,
DISCONTINUED,,,RECOUPMENTS,,,
DISCONTINUES,,,RECOURSE,,,
DISCONTINUING,,,RECOURSES,,,
DISCOURAGE,,,RECTIFICATION,,,
DISCOURAGED,,,RECTIFICATIONS,,,
DISCOURAGES,,,RECUSAL,,,
DISCOURAGING,,,RECUSE,,,
DISCREDIT,,,RECUSED,,,
DISCREDITED,,,RECUSES,,,
DISCREDITING,,,RECUSING,,,
DISCREDITS,,,REDACT,,,
DISCREPANCIES,,,REDACTED,,,
DISCREPANCY,,,REDACTING,,,
DISFAVOR,,,REDACTION,,,
DISFAVORED,,,REDACTIONS,,,
DISFAVORING,,,REFERENDA,,,
DISFAVORS,,,REFERENDUM,,,
DISGORGE,,,REFERENDUMS,,,
DISGORGED,,,REFILE,,,
DISGORGEMENT,,,REFILED,,,
DISGORGEMENTS,,,REFILES,,,
DISGORGES,,,REFILING,,,
DISGORGING,,,REGULATE,,,
DISGRACE,,,REGULATED,,,
DISGRACEFUL,,,REGULATES,,,
DISGRACEFULLY,,,REGULATING,,,
DISHONEST,,,REGULATION,,,
DISHONESTLY,,,REGULATIONS,,,
DISHONESTY,,,REGULATIVE,,,
DISHONOR,,,REGULATOR,,,
DISHONORABLE,,,REGULATORS,,,
DISHONORABLY,,,REGULATORY,,,
DISHONORED,,,REHEAR,,,
DISHONORING,,,REHEARD,,,
DISHONORS,,,REHEARING,,,
DISINCENTIVES,,,REHEARINGS,,,
DISINTERESTED,,,RELEASEES,,,
DISINTERESTEDLY,,,REMAND,,,
DISINTERESTEDNESS,,,REMANDED,,,
DISLOYAL,,,REMANDING,,,
DISLOYALLY,,,REMANDS,,,
DISLOYALTY,,,REMEDIATE,,,
DISMAL,,,REMEDIATED,,,
DISMALLY,,,REMEDIATING,,,
DISMISS,,,REMEDIATION,,,
DISMISSAL,,,REMEDIATIONS,,,
DISMISSALS,,,REMEDIED,,,
DISMISSED,,,REMISED,,,
DISMISSES,,,REPLEDGED,,,
DISMISSING,,,REPLEVIN,,,
DISORDERLY,,,REPRORATED,,,
DISPARAGE,,,REQUESTER,,,
DISPARAGED,,,REQUESTOR,,,
DISPARAGEMENT,,,REREGULATION,,,
DISPARAGEMENTS,,,RESCIND,,,
DISPARAGES,,,RESCINDED,,,
DISPARAGING,,,RESCINDING,,,
DISPARAGINGLY,,,RESCINDS,,,
DISPARITIES,,,RESCISSION,,,
DISPARITY,,,RESCISSIONS,,,
DISPLACE,,,RESTITUTIONARY,,,
DISPLACED,,,RETENDERING,,,
DISPLACEMENT,,,RETROCEDE,,,
DISPLACEMENTS,,,RETROCEDED,,,
DISPLACES,,,RETROCESSIONAIRES,,,
DISPLACING,,,REVOCABILITY,,,
DISPOSE,,,REVOCATION,,,
DISPOSSESS,,,REVOCATIONS,,,
DISPOSSESSED,,,RULING,,,
DISPOSSESSES,,,RULINGS,,,
DISPOSSESSING,,,SENTENCED,,,
DISPROPORTION,,,SENTENCING,,,
DISPROPORTIONAL,,,SEQUESTRATOR,,,
DISPROPORTIONATE,,,SETTLEMENT,,,
DISPROPORTIONATELY,,,SETTLEMENTS,,,
DISPUTE,,,SEVERABILITY,,,
DISPUTED,,,SEVERABLE,,,
DISPUTES,,,SEVERALLY,,,
DISPUTING,,,SEVERANCE,,,
DISQUALIFICATION,,,SEVERANCES,,,
DISQUALIFICATIONS,,,SHALL,,,
DISQUALIFIED,,,STATUTE,,,
DISQUALIFIES,,,STATUTES,,,
DISQUALIFY,,,STATUTORILY,,,
DISQUALIFYING,,,STATUTORY,,,
DISREGARD,,,SUBCLAUSE,,,
DISREGARDED,,,SUBCLAUSES,,,
DISREGARDING,,,SUBDOCKET,,,
DISREGARDS,,,SUBLEASEE,,,
DISREPUTABLE,,,SUBLEASEHOLD,,,
DISREPUTE,,,SUBLESSORS,,,
DISRUPT,,,SUBLICENSEE,,,
DISRUPTED,,,SUBLICENSOR,,,
DISRUPTING,,,SUBPARAGRAPH,,,
DISRUPTION,,,SUBPARAGRAPHS,,,
DISRUPTIONS,,,SUBPOENA,,,
DISRUPTIVE,,,SUBPOENAED,,,
DISRUPTS,,,SUBPOENAS,,,
DISSATISFACTION,,,SUBROGATED,,,
DISSATISFIED,,,SUBROGATION,,,
DISSENT,,,SUBTRUST,,,
DISSENTED,,,SUBTRUSTS,,,
DISSENTER,,,SUE,,,
DISSENTERS,,,SUED,,,
DISSENTING,,,SUES,,,
DISSENTS,,,SUING,,,
DISSIDENT,,,SUMMONED,,,
DISSIDENTS,,,SUMMONING,,,
DISSOLUTION,,,SUMMONS,,,
DISSOLUTIONS,,,SUMMONSES,,,
DISTORT,,,SUPERSEDE,,,
DISTORTED,,,SUPERSEDEAS,,,
DISTORTING,,,SUPERSEDED,,,
DISTORTION,,,SUPERSEDES,,,
DISTORTIONS,,,SUPERSEDING,,,
DISTORTS,,,SURETIES,,,
DISTRACT,,,SURETY,,,
DISTRACTED,,,TENANTABILITY,,,
DISTRACTING,,,TERMINABLE,,,
DISTRACTION,,,TERMINUS,,,
DISTRACTIONS,,,TESTAMENTARY,,,
DISTRACTS,,,TESTIFY,,,
DISTRESS,,,TESTIFYING,,,
DISTRESSED,,,TESTIMONY,,,
DISTURB,,,THENCE,,,
DISTURBANCE,,,THENCEFORTH,,,
DISTURBANCES,,,THENCEFORWARD,,,
DISTURBED,,,THEREAFTER,,,
DISTURBING,,,THEREAT,,,
DISTURBS,,,THEREFROM,,,
DIVERSION,,,THEREIN,,,
DIVERT,,,THEREINAFTER,,,
DIVERTED,,,THEREOF,,,
DIVERTING,,,THEREON,,,
DIVERTS,,,THEREOVER,,,
DIVEST,,,THERETO,,,
DIVESTED,,,THERETOFOR,,,
DIVESTING,,,THERETOFORE,,,
DIVESTITURE,,,THEREUNDER,,,
DIVESTITURES,,,THEREUNTO,,,
DIVESTMENT,,,THEREUPON,,,
DIVESTMENTS,,,THEREWITH,,,
DIVESTS,,,TORT,,,
DIVORCE,,,TORTIOUS,,,
DIVORCED,,,TORTIOUSLY,,,
DIVULGE,,,TORTS,,,
DIVULGED,,,TRANSFEROR,,,
DIVULGES,,,TRANSFERORS,,,
DIVULGING,,,UNAPPEALABLE,,,
DOUBT,,,UNAPPEALED,,,
DOUBTED,,,UNCONSTITUTIONAL,,,
DOUBTFUL,,,UNCONSTITUTIONALITY,,,
DOUBTS,,,UNCONSTITUTIONALLY,,,
DOWNGRADE,,,UNCONTRACTED,,,
DOWNGRADED,,,UNDEFEASED,,,
DOWNGRADES,,,UNDISCHARGED,,,
DOWNGRADING,,,UNENCUMBER,,,
DOWNSIZE,,,UNENCUMBERED,,,
DOWNSIZED,,,UNENFORCEABILITY,,,
DOWNSIZES,,,UNENFORCEABLE,,,
DOWNSIZING,,,UNLAWFUL,,,
DOWNSIZINGS,,,UNLAWFULLY,,,
DOWNTIME,,,UNLAWFULNESS,,,
DOWNTIMES,,,UNREMEDIATED,,,
DOWNTURN,,,UNSTAYED,,,
DOWNTURNS,,,UNTO,,,
DOWNWARD,,,USURIOUS,,,
DOWNWARDS,,,USURP,,,
DRAG,,,USURPATION,,,
DRASTIC,,,USURPED,,,
DRASTICALLY,,,USURPING,,,
DRAWBACK,,,USURPS,,,
DRAWBACKS,,,USURY,,,
DROPPED,,,VENDEE,,,
DROUGHT,,,VENDEES,,,
DROUGHTS,,,VERDICT,,,
DURESS,,,VERDICTS,,,
DYSFUNCTION,,,VIATICAL,,,
DYSFUNCTIONAL,,,VIOLATIVE,,,
DYSFUNCTIONS,,,VOIDABLE,,,
EASING,,,VOIDED,,,
EGREGIOUS,,,VOIDING,,,
EGREGIOUSLY,,,WARRANTEES,,,
EMBARGO,,,WARRANTOR,,,
EMBARGOED,,,WHATEVER,,,
EMBARGOES,,,WHATSOEVER,,,
EMBARGOING,,,WHENSOEVER,,,
EMBARRASS,,,WHEREABOUTS,,,
EMBARRASSED,,,WHEREAS,,,
EMBARRASSES,,,WHEREAT,,,
EMBARRASSING,,,WHEREBY,,,
EMBARRASSMENT,,,WHEREFORE,,,
EMBARRASSMENTS,,,WHEREIN,,,
EMBEZZLE,,,WHEREOF,,,
EMBEZZLED,,,WHEREON,,,
EMBEZZLEMENT,,,WHERETO,,,
EMBEZZLEMENTS,,,WHEREUNDER,,,
EMBEZZLER,,,WHEREUPON,,,
EMBEZZLES,,,WHEREWITH,,,
EMBEZZLING,,,WHISTLEBLOWERS,,,
ENCROACH,,,WHOMEVER,,,
ENCROACHED,,,WHOMSOEVER,,,
ENCROACHES,,,WHOSOEVER,,,
ENCROACHING,,,WILFUL,,,
ENCROACHMENT,,,WILLFUL,,,
ENCROACHMENTS,,,WILLFULLY,,,
ENCUMBER,,,WILLFULNESS,,,
ENCUMBERED,,,WITNESS,,,
ENCUMBERING,,,WITNESSES,,,
ENCUMBERS,,,WRIT,,,
ENCUMBRANCE,,,WRITS,,,
ENCUMBRANCES,,,,,,
ENDANGER,,,,,,
ENDANGERED,,,,,,
ENDANGERING,,,,,,
ENDANGERMENT,,,,,,
ENDANGERS,,,,,,
ENJOIN,,,,,,
ENJOINED,,,,,,
ENJOINING,,,,,,
ENJOINS,,,,,,
ERODE,,,,,,
ERODED,,,,,,
ERODES,,,,,,
ERODING,,,,,,
EROSION,,,,,,
ERRATIC,,,,,,
ERRATICALLY,,,,,,
ERRED,,,,,,
ERRING,,,,,,
ERRONEOUS,,,,,,
ERRONEOUSLY,,,,,,
ERROR,,,,,,
ERRORS,,,,,,
ERRS,,,,,,
ESCALATE,,,,,,
ESCALATED,,,,,,
ESCALATES,,,,,,
ESCALATING,,,,,,
EVADE,,,,,,
EVADED,,,,,,
EVADES,,,,,,
EVADING,,,,,,
EVASION,,,,,,
EVASIONS,,,,,,
EVASIVE,,,,,,
EVICT,,,,,,
EVICTED,,,,,,
EVICTING,,,,,,
EVICTION,,,,,,
EVICTIONS,,,,,,
EVICTS,,,,,,
EXACERBATE,,,,,,
EXACERBATED,,,,,,
EXACERBATES,,,,,,
EXACERBATING,,,,,,
EXACERBATION,,,,,,
EXACERBATIONS,,,,,,
EXAGGERATE,,,,,,
EXAGGERATED,,,,,,
EXAGGERATES,,,,,,
EXAGGERATING,,,,,,
EXAGGERATION,,,,,,
EXCESSIVE,,,,,,
EXCESSIVELY,,,,,,
EXCULPATE,,,,,,
EXCULPATED,,,,,,
EXCULPATES,,,,,,
EXCULPATING,,,,,,
EXCULPATION,,,,,,
EXCULPATIONS,,,,,,
EXCULPATORY,,,,,,
EXONERATE,,,,,,
EXONERATED,,,,,,
EXONERATES,,,,,,
EXONERATING,,,,,,
EXONERATION,,,,,,
EXONERATIONS,,,,,,
EXPLOIT,,,,,,
EXPLOITATION,,,,,,
EXPLOITATIONS,,,,,,
EXPLOITATIVE,,,,,,
EXPLOITED,,,,,,
EXPLOITING,,,,,,
EXPLOITS,,,,,,
EXPOSE,,,,,,
EXPOSED,,,,,,
EXPOSES,,,,,,
EXPOSING,,,,,,
EXPROPRIATE,,,,,,
EXPROPRIATED,,,,,,
EXPROPRIATES,,,,,,
EXPROPRIATING,,,,,,
EXPROPRIATION,,,,,,
EXPROPRIATIONS,,,,,,
EXPULSION,,,,,,
EXPULSIONS,,,,,,
EXTENUATING,,,,,,
FAIL,,,,,,
FAILED,,,,,,
FAILING,,,,,,
FAILINGS,,,,,,
FAILS,,,,,,
FAILURE,,,,,,
FAILURES,,,,,,
FALLOUT,,,,,,
FALSE,,,,,,
FALSELY,,,,,,
FALSIFICATION,,,,,,
FALSIFICATIONS,,,,,,
FALSIFIED,,,,,,
FALSIFIES,,,,,,
FALSIFY,,,,,,
FALSIFYING,,,,,,
FALSITY,,,,,,
FATALITIES,,,,,,
FATALITY,,,,,,
FATALLY,,,,,,
FAULT,,,,,,
FAULTED,,,,,,
FAULTS,,,,,,
FAULTY,,,,,,
FEAR,,,,,,
FEARS,,,,,,
FELONIES,,,,,,
FELONIOUS,,,,,,
FELONY,,,,,,
FICTITIOUS,,,,,,
FINED,,,,,,
FINES,,,,,,
FIRED,,,,,,
FIRING,,,,,,
FLAW,,,,,,
FLAWED,,,,,,
FLAWS,,,,,,
FORBID,,,,,,
FORBIDDEN,,,,,,
FORBIDDING,,,,,,
FORBIDS,,,,,,
FORCE,,,,,,
FORCED,,,,,,
FORCING,,,,,,
FORECLOSE,,,,,,
FORECLOSED,,,,,,
FORECLOSES,,,,,,
FORECLOSING,,,,,,
FORECLOSURE,,,,,,
FORECLOSURES,,,,,,
FOREGO,,,,,,
FOREGOES,,,,,,
FOREGONE,,,,,,
FORESTALL,,,,,,
FORESTALLED,,,,,,
FORESTALLING,,,,,,
FORESTALLS,,,,,,
FORFEIT,,,,,,
FORFEITED,,,,,,
FORFEITING,,,,,,
FORFEITS,,,,,,
FORFEITURE,,,,,,
FORFEITURES,,,,,,
FORGERS,,,,,,
FORGERY,,,,,,
FRAUD,,,,,,
FRAUDS,,,,,,
FRAUDULENCE,,,,,,
FRAUDULENT,,,,,,
FRAUDULENTLY,,,,,,
FRIVOLOUS,,,,,,
FRIVOLOUSLY,,,,,,
FRUSTRATE,,,,,,
FRUSTRATED,,,,,,
FRUSTRATES,,,,,,
FRUSTRATING,,,,,,
FRUSTRATINGLY,,,,,,
FRUSTRATION,,,,,,
FRUSTRATIONS,,,,,,
FUGITIVE,,,,,,
FUGITIVES,,,,,,
GRATUITOUS,,,,,,
GRATUITOUSLY,,,,,,
GRIEVANCE,,,,,,
GRIEVANCES,,,,,,
GROSSLY,,,,,,
GROUNDLESS,,,,,,
GUILTY,,,,,,
HALT,,,,,,
HALTED,,,,,,
HAMPER,,,,,,
HAMPERED,,,,,,
HAMPERING,,,,,,
HAMPERS,,,,,,
HARASS,,,,,,
HARASSED,,,,,,
HARASSING,,,,,,
HARASSMENT,,,,,,
HARDSHIP,,,,,,
HARDSHIPS,,,,,,
HARM,,,,,,
HARMED,,,,,,
HARMFUL,,,,,,
HARMFULLY,,,,,,
HARMING,,,,,,
HARMS,,,,,,
HARSH,,,,,,
HARSHER,,,,,,
HARSHEST,,,,,,
HARSHLY,,,,,,
HARSHNESS,,,,,,
HAZARD,,,,,,
HAZARDOUS,,,,,,
HAZARDS,,,,,,
HINDER,,,,,,
HINDERED,,,,,,
HINDERING,,,,,,
HINDERS,,,,,,
HINDRANCE,,,,,,
HINDRANCES,,,,,,
HOSTILE,,,,,,
HOSTILITY,,,,,,
HURT,,,,,,
HURTING,,,,,,
IDLE,,,,,,
IDLED,,,,,,
IDLING,,,,,,
IGNORE,,,,,,
IGNORED,,,,,,
IGNORES,,,,,,
IGNORING,,,,,,
ILL,,,,,,
ILLEGAL,,,,,,
ILLEGALITIES,,,,,,
ILLEGALITY,,,,,,
ILLEGALLY,,,,,,
ILLEGIBLE,,,,,,
ILLICIT,,,,,,
ILLICITLY,,,,,,
ILLIQUID,,,,,,
ILLIQUIDITY,,,,,,
IMBALANCE,,,,,,
IMBALANCES,,,,,,
IMMATURE,,,,,,
IMMORAL,,,,,,
IMPAIR,,,,,,
IMPAIRED,,,,,,
IMPAIRING,,,,,,
IMPAIRMENT,,,,,,
IMPAIRMENTS,,,,,,
IMPAIRS,,,,,,
IMPASSE,,,,,,
IMPASSES,,,,,,
IMPEDE,,,,,,
IMPEDED,,,,,,
IMPEDES,,,,,,
IMPEDIMENT,,,,,,
IMPEDIMENTS,,,,,,
IMPEDING,,,,,,
IMPENDING,,,,,,
IMPERATIVE,,,,,,
IMPERFECTION,,,,,,
IMPERFECTIONS,,,,,,
IMPERIL,,,,,,
IMPERMISSIBLE,,,,,,
IMPLICATE,,,,,,
IMPLICATED,,,,,,
IMPLICATES,,,,,,
IMPLICATING,,,,,,
IMPOSSIBILITY,,,,,,
IMPOSSIBLE,,,,,,
IMPOUND,,,,,,
IMPOUNDED,,,,,,
IMPOUNDING,,,,,,
IMPOUNDS,,,,,,
IMPRACTICABLE,,,,,,
IMPRACTICAL,,,,,,
IMPRACTICALITIES,,,,,,
IMPRACTICALITY,,,,,,
IMPRISONMENT,,,,,,
IMPROPER,,,,,,
IMPROPERLY,,,,,,
IMPROPRIETIES,,,,,,
IMPROPRIETY,,,,,,
IMPRUDENT,,,,,,
IMPRUDENTLY,,,,,,
INABILITY,,,,,,
INACCESSIBLE,,,,,,
INACCURACIES,,,,,,
INACCURACY,,,,,,
INACCURATE,,,,,,
INACCURATELY,,,,,,
INACTION,,,,,,
INACTIONS,,,,,,
INACTIVATE,,,,,,
INACTIVATED,,,,,,
INACTIVATES,,,,,,
INACTIVATING,,,,,,
INACTIVATION,,,,,,
INACTIVATIONS,,,,,,
INACTIVITY,,,,,,
INADEQUACIES,,,,,,
INADEQUACY,,,,,,
INADEQUATE,,,,,,
INADEQUATELY,,,,,,
INADVERTENT,,,,,,
INADVERTENTLY,,,,,,
INADVISABILITY,,,,,,
INADVISABLE,,,,,,
INAPPROPRIATE,,,,,,
INAPPROPRIATELY,,,,,,
INATTENTION,,,,,,
INCAPABLE,,,,,,
INCAPACITATED,,,,,,
INCAPACITY,,,,,,
INCARCERATE,,,,,,
INCARCERATED,,,,,,
INCARCERATES,,,,,,
INCARCERATING,,,,,,
INCARCERATION,,,,,,
INCARCERATIONS,,,,,,
INCIDENCE,,,,,,
INCIDENCES,,,,,,
INCIDENT,,,,,,
INCIDENTS,,,,,,
INCOMPATIBILITIES,,,,,,
INCOMPATIBILITY,,,,,,
INCOMPATIBLE,,,,,,
INCOMPETENCE,,,,,,
INCOMPETENCY,,,,,,
INCOMPETENT,,,,,,
INCOMPETENTLY,,,,,,
INCOMPETENTS,,,,,,
INCOMPLETE,,,,,,
INCOMPLETELY,,,,,,
INCOMPLETENESS,,,,,,
INCONCLUSIVE,,,,,,
INCONSISTENCIES,,,,,,
INCONSISTENCY,,,,,,
INCONSISTENT,,,,,,
INCONSISTENTLY,,,,,,
INCONVENIENCE,,,,,,
INCONVENIENCES,,,,,,
INCONVENIENT,,,,,,
INCORRECT,,,,,,
INCORRECTLY,,,,,,
INCORRECTNESS,,,,,,
INDECENCY,,,,,,
INDECENT,,,,,,
INDEFEASIBLE,,,,,,
INDEFEASIBLY,,,,,,
INDICT,,,,,,
INDICTABLE,,,,,,
INDICTED,,,,,,
INDICTING,,,,,,
INDICTMENT,,,,,,
INDICTMENTS,,,,,,
INEFFECTIVE,,,,,,
INEFFECTIVELY,,,,,,
INEFFECTIVENESS,,,,,,
INEFFICIENCIES,,,,,,
INEFFICIENCY,,,,,,
INEFFICIENT,,,,,,
INEFFICIENTLY,,,,,,
INELIGIBILITY,,,,,,
INELIGIBLE,,,,,,
INEQUITABLE,,,,,,
INEQUITABLY,,,,,,
INEQUITIES,,,,,,
INEQUITY,,,,,,
INEVITABLE,,,,,,
INEXPERIENCE,,,,,,
INEXPERIENCED,,,,,,
INFERIOR,,,,,,
INFLICTED,,,,,,
INFRACTION,,,,,,
INFRACTIONS,,,,,,
INFRINGE,,,,,,
INFRINGED,,,,,,
INFRINGEMENT,,,,,,
INFRINGEMENTS,,,,,,
INFRINGES,,,,,,
INFRINGING,,,,,,
INHIBITED,,,,,,
INIMICAL,,,,,,
INJUNCTION,,,,,,
INJUNCTIONS,,,,,,
INJURE,,,,,,
INJURED,,,,,,
INJURES,,,,,,
INJURIES,,,,,,
INJURING,,,,,,
INJURIOUS,,,,,,
INJURY,,,,,,
INORDINATE,,,,,,
INORDINATELY,,,,,,
INQUIRY,,,,,,
INSECURE,,,,,,
INSENSITIVE,,,,,,
INSOLVENCIES,,,,,,
INSOLVENCY,,,,,,
INSOLVENT,,,,,,
INSTABILITY,,,,,,
INSUBORDINATION,,,,,,
INSUFFICIENCY,,,,,,
INSUFFICIENT,,,,,,
INSUFFICIENTLY,,,,,,
INSURRECTION,,,,,,
INSURRECTIONS,,,,,,
INTENTIONAL,,,,,,
INTERFERE,,,,,,
INTERFERED,,,,,,
INTERFERENCE,,,,,,
INTERFERENCES,,,,,,
INTERFERES,,,,,,
INTERFERING,,,,,,
INTERMITTENT,,,,,,
INTERMITTENTLY,,,,,,
INTERRUPT,,,,,,
INTERRUPTED,,,,,,
INTERRUPTING,,,,,,
INTERRUPTION,,,,,,
INTERRUPTIONS,,,,,,
INTERRUPTS,,,,,,
INTIMIDATION,,,,,,
INTRUSION,,,,,,
INVALID,,,,,,
INVALIDATE,,,,,,
INVALIDATED,,,,,,
INVALIDATES,,,,,,
INVALIDATING,,,,,,
INVALIDATION,,,,,,
INVALIDITY,,,,,,
INVESTIGATE,,,,,,
INVESTIGATED,,,,,,
INVESTIGATES,,,,,,
INVESTIGATING,,,,,,
INVESTIGATION,,,,,,
INVESTIGATIONS,,,,,,
INVOLUNTARILY,,,,,,
INVOLUNTARY,,,,,,
IRRECONCILABLE,,,,,,
IRRECONCILABLY,,,,,,
IRRECOVERABLE,,,,,,
IRRECOVERABLY,,,,,,
IRREGULAR,,,,,,
IRREGULARITIES,,,,,,
IRREGULARITY,,,,,,
IRREGULARLY,,,,,,
IRREPARABLE,,,,,,
IRREPARABLY,,,,,,
IRREVERSIBLE,,,,,,
JEOPARDIZE,,,,,,
JEOPARDIZED,,,,,,
JUSTIFIABLE,,,,,,
KICKBACK,,,,,,
KICKBACKS,,,,,,
KNOWINGLY,,,,,,
LACK,,,,,,
LACKED,,,,,,
LACKING,,,,,,
LACKLUSTER,,,,,,
LACKS,,,,,,
LAG,,,,,,
LAGGED,,,,,,
LAGGING,,,,,,
LAGS,,,,,,
LAPSE,,,,,,
LAPSED,,,,,,
LAPSES,,,,,,
LAPSING,,,,,,
LATE,,,,,,
LAUNDERING,,,,,,
LAYOFF,,,,,,
LAYOFFS,,,,,,
LIE,,,,,,
LIMITATION,,,,,,
LIMITATIONS,,,,,,
LINGERING,,,,,,
LIQUIDATE,,,,,,
LIQUIDATED,,,,,,
LIQUIDATES,,,,,,
LIQUIDATING,,,,,,
LIQUIDATION,,,,,,
LIQUIDATIONS,,,,,,
LIQUIDATOR,,,,,,
LIQUIDATORS,,,,,,
LITIGANT,,,,,,
LITIGANTS,,,,,,
LITIGATE,,,,,,
LITIGATED,,,,,,
LITIGATES,,,,,,
LITIGATING,,,,,,
LITIGATION,,,,,,
LITIGATIONS,,,,,,
LOCKOUT,,,,,,
LOCKOUTS,,,,,,
LOSE,,,,,,
LOSES,,,,,,
LOSING,,,,,,
LOSS,,,,,,
LOSSES,,,,,,
LOST,,,,,,
LYING,,,,,,
MALFEASANCE,,,,,,
MALFUNCTION,,,,,,
MALFUNCTIONED,,,,,,
MALFUNCTIONING,,,,,,
MALFUNCTIONS,,,,,,
MALICE,,,,,,
MALICIOUS,,,,,,
MALICIOUSLY,,,,,,
MALPRACTICE,,,,,,
MANIPULATE,,,,,,
MANIPULATED,,,,,,
MANIPULATES,,,,,,
MANIPULATING,,,,,,
MANIPULATION,,,,,,
MANIPULATIONS,,,,,,
MANIPULATIVE,,,,,,
MARKDOWN,,,,,,
MARKDOWNS,,,,,,
MISAPPLICATION,,,,,,
MISAPPLICATIONS,,,,,,
MISAPPLIED,,,,,,
MISAPPLIES,,,,,,
MISAPPLY,,,,,,
MISAPPLYING,,,,,,
MISAPPROPRIATE,,,,,,
MISAPPROPRIATED,,,,,,
MISAPPROPRIATES,,,,,,
MISAPPROPRIATING,,,,,,
MISAPPROPRIATION,,,,,,
MISAPPROPRIATIONS,,,,,,
MISBRANDED,,,,,,
MISCALCULATE,,,,,,
MISCALCULATED,,,,,,
MISCALCULATES,,,,,,
MISCALCULATING,,,,,,
MISCALCULATION,,,,,,
MISCALCULATIONS,,,,,,
MISCHARACTERIZATION,,,,,,
MISCHIEF,,,,,,
MISCLASSIFICATION,,,,,,
MISCLASSIFICATIONS,,,,,,
MISCLASSIFIED,,,,,,
MISCLASSIFY,,,,,,
MISCOMMUNICATION,,,,,,
MISCONDUCT,,,,,,
MISDATED,,,,,,
MISDEMEANOR,,,,,,
MISDEMEANORS,,,,,,
MISDIRECTED,,,,,,
MISHANDLE,,,,,,
MISHANDLED,,,,,,
MISHANDLES,,,,,,
MISHANDLING,,,,,,
MISINFORM,,,,,,
MISINFORMATION,,,,,,
MISINFORMED,,,,,,
MISINFORMING,,,,,,
MISINFORMS,,,,,,
MISINTERPRET,,,,,,
MISINTERPRETATION,,,,,,
MISINTERPRETATIONS,,,,,,
MISINTERPRETED,,,,,,
MISINTERPRETING,,,,,,
MISINTERPRETS,,,,,,
MISJUDGE,,,,,,
MISJUDGED,,,,,,
MISJUDGES,,,,,,
MISJUDGING,,,,,,
MISJUDGMENT,,,,,,
MISJUDGMENTS,,,,,,
MISLABEL,,,,,,
MISLABELED,,,,,,
MISLABELING,,,,,,
MISLABELLED,,,,,,
MISLABELS,,,,,,
MISLEAD,,,,,,
MISLEADING,,,,,,
MISLEADINGLY,,,,,,
MISLEADS,,,,,,
MISLED,,,,,,
MISMANAGE,,,,,,
MISMANAGED,,,,,,
MISMANAGEMENT,,,,,,
MISMANAGES,,,,,,
MISMANAGING,,,,,,
MISMATCH,,,,,,
MISMATCHED,,,,,,
MISMATCHES,,,,,,
MISMATCHING,,,,,,
MISPLACED,,,,,,
MISPRICE,,,,,,
MISPRICING,,,,,,
MISPRICINGS,,,,,,
MISREPRESENT,,,,,,
MISREPRESENTATION,,,,,,
MISREPRESENTATIONS,,,,,,
MISREPRESENTED,,,,,,
MISREPRESENTING,,,,,,
MISREPRESENTS,,,,,,
MISS,,,,,,
MISSED,,,,,,
MISSES,,,,,,
MISSTATE,,,,,,
MISSTATED,,,,,,
MISSTATEMENT,,,,,,
MISSTATEMENTS,,,,,,
MISSTATES,,,,,,
MISSTATING,,,,,,
MISSTEP,,,,,,
MISSTEPS,,,,,,
MISTAKE,,,,,,
MISTAKEN,,,,,,
MISTAKENLY,,,,,,
MISTAKES,,,,,,
MISTAKING,,,,,,
MISTRIAL,,,,,,
MISTRIALS,,,,,,
MISUNDERSTAND,,,,,,
MISUNDERSTANDING,,,,,,
MISUNDERSTANDINGS,,,,,,
MISUNDERSTOOD,,,,,,
MISUSE,,,,,,
MISUSED,,,,,,
MISUSES,,,,,,
MISUSING,,,,,,
MONOPOLISTIC,,,,,,
MONOPOLISTS,,,,,,
MONOPOLIZATION,,,,,,
MONOPOLIZE,,,,,,
MONOPOLIZED,,,,,,
MONOPOLIZES,,,,,,
MONOPOLIZING,,,,,,
MONOPOLY,,,,,,
MORATORIA,,,,,,
MORATORIUM,,,,,,
MORATORIUMS,,,,,,
MOTHBALLED,,,,,,
MOTHBALLING,,,,,,
NEGATIVE,,,,,,
NEGATIVELY,,,,,,
NEGATIVES,,,,,,
NEGLECT,,,,,,
NEGLECTED,,,,,,
NEGLECTFUL,,,,,,
NEGLECTING,,,,,,
NEGLECTS,,,,,,
NEGLIGENCE,,,,,,
NEGLIGENCES,,,,,,
NEGLIGENT,,,,,,
NEGLIGENTLY,,,,,,
NONATTAINMENT,,,,,,
NONCOMPETITIVE,,,,,,
NONCOMPLIANCE,,,,,,
NONCOMPLIANCES,,,,,,
NONCOMPLIANT,,,,,,
NONCOMPLYING,,,,,,
NONCONFORMING,,,,,,
NONCONFORMITIES,,,,,,
NONCONFORMITY,,,,,,
NONDISCLOSURE,,,,,,
NONFUNCTIONAL,,,,,,
NONPAYMENT,,,,,,
NONPAYMENTS,,,,,,
NONPERFORMANCE,,,,,,
NONPERFORMANCES,,,,,,
NONPERFORMING,,,,,,
NONPRODUCING,,,,,,
NONPRODUCTIVE,,,,,,
NONRECOVERABLE,,,,,,
NONRENEWAL,,,,,,
NUISANCE,,,,,,
NUISANCES,,,,,,
NULLIFICATION,,,,,,
NULLIFICATIONS,,,,,,
NULLIFIED,,,,,,
NULLIFIES,,,,,,
NULLIFY,,,,,,
NULLIFYING,,,,,,
OBJECTED,,,,,,
OBJECTING,,,,,,
OBJECTION,,,,,,
OBJECTIONABLE,,,,,,
OBJECTIONABLY,,,,,,
OBJECTIONS,,,,,,
OBSCENE,,,,,,
OBSCENITY,,,,,,
OBSOLESCENCE,,,,,,
OBSOLETE,,,,,,
OBSTACLE,,,,,,
OBSTACLES,,,,,,
OBSTRUCT,,,,,,
OBSTRUCTED,,,,,,
OBSTRUCTING,,,,,,
OBSTRUCTION,,,,,,
OBSTRUCTIONS,,,,,,
OFFENCE,,,,,,
OFFENCES,,,,,,
OFFEND,,,,,,
OFFENDED,,,,,,
OFFENDER,,,,,,
OFFENDERS,,,,,,
OFFENDING,,,,,,
OFFENDS,,,,,,
OMISSION,,,,,,
OMISSIONS,,,,,,
OMIT,,,,,,
OMITS,,,,,,
OMITTED,,,,,,
OMITTING,,,,,,
ONEROUS,,,,,,
OPPORTUNISTIC,,,,,,
OPPORTUNISTICALLY,,,,,,
OPPOSE,,,,,,
OPPOSED,,,,,,
OPPOSES,,,,,,
OPPOSING,,,,,,
OPPOSITION,,,,,,
OPPOSITIONS,,,,,,
OUTAGE,,,,,,
OUTAGES,,,,,,
OUTDATED,,,,,,
OUTMODED,,,,,,
OVERAGE,,,,,,
OVERAGES,,,,,,
OVERBUILD,,,,,,
OVERBUILDING,,,,,,
OVERBUILDS,,,,,,
OVERBUILT,,,,,,
OVERBURDEN,,,,,,
OVERBURDENED,,,,,,
OVERBURDENING,,,,,,
OVERCAPACITIES,,,,,,
OVERCAPACITY,,,,,,
OVERCHARGE,,,,,,
OVERCHARGED,,,,,,
OVERCHARGES,,,,,,
OVERCHARGING,,,,,,
OVERCOME,,,,,,
OVERCOMES,,,,,,
OVERCOMING,,,,,,
OVERDUE,,,,,,
OVERESTIMATE,,,,,,
OVERESTIMATED,,,,,,
OVERESTIMATES,,,,,,
OVERESTIMATING,,,,,,
OVERESTIMATION,,,,,,
OVERESTIMATIONS,,,,,,
OVERLOAD,,,,,,
OVERLOADED,,,,,,
OVERLOADING,,,,,,
OVERLOADS,,,,,,
OVERLOOK,,,,,,
OVERLOOKED,,,,,,
OVERLOOKING,,,,,,
OVERLOOKS,,,,,,
OVERPAID,,,,,,
OVERPAYMENT,,,,,,
OVERPAYMENTS,,,,,,
OVERPRODUCED,,,,,,
OVERPRODUCES,,,,,,
OVERPRODUCING,,,,,,
OVERPRODUCTION,,,,,,
OVERRUN,,,,,,
OVERRUNNING,,,,,,
OVERRUNS,,,,,,
OVERSHADOW,,,,,,
OVERSHADOWED,,,,,,
OVERSHADOWING,,,,,,
OVERSHADOWS,,,,,,
OVERSTATE,,,,,,
OVERSTATED,,,,,,
OVERSTATEMENT,,,,,,
OVERSTATEMENTS,,,,,,
OVERSTATES,,,,,,
OVERSTATING,,,,,,
OVERSUPPLIED,,,,,,
OVERSUPPLIES,,,,,,
OVERSUPPLY,,,,,,
OVERSUPPLYING,,,,,,
OVERTLY,,,,,,
OVERTURN,,,,,,
OVERTURNED,,,,,,
OVERTURNING,,,,,,
OVERTURNS,,,,,,
OVERVALUE,,,,,,
OVERVALUED,,,,,,
OVERVALUING,,,,,,
PANIC,,,,,,
PANICS,,,,,,
PENALIZE,,,,,,
PENALIZED,,,,,,
PENALIZES,,,,,,
PENALIZING,,,,,,
PENALTIES,,,,,,
PENALTY,,,,,,
PERIL,,,,,,
PERILS,,,,,,
PERJURY,,,,,,
PERPETRATE,,,,,,
PERPETRATED,,,,,,
PERPETRATES,,,,,,
PERPETRATING,,,,,,
PERPETRATION,,,,,,
PERSIST,,,,,,
PERSISTED,,,,,,
PERSISTENCE,,,,,,
PERSISTENT,,,,,,
PERSISTENTLY,,,,,,
PERSISTING,,,,,,
PERSISTS,,,,,,
PERVASIVE,,,,,,
PERVASIVELY,,,,,,
PERVASIVENESS,,,,,,
PETTY,,,,,,
PICKET,,,,,,
PICKETED,,,,,,
PICKETING,,,,,,
PLAINTIFF,,,,,,
PLAINTIFFS,,,,,,
PLEA,,,,,,
PLEAD,,,,,,
PLEADED,,,,,,
PLEADING,,,,,,
PLEADINGS,,,,,,
PLEADS,,,,,,
PLEAS,,,,,,
PLED,,,,,,
POOR,,,,,,
POORLY,,,,,,
POSES,,,,,,
POSING,,,,,,
POSTPONE,,,,,,
POSTPONED,,,,,,
POSTPONEMENT,,,,,,
POSTPONEMENTS,,,,,,
POSTPONES,,,,,,
POSTPONING,,,,,,
PRECIPITATED,,,,,,
PRECIPITOUS,,,,,,
PRECIPITOUSLY,,,,,,
PRECLUDE,,,,,,
PRECLUDED,,,,,,
PRECLUDES,,,,,,
PRECLUDING,,,,,,
PREDATORY,,,,,,
PREJUDICE,,,,,,
PREJUDICED,,,,,,
PREJUDICES,,,,,,
PREJUDICIAL,,,,,,
PREJUDICING,,,,,,
PREMATURE,,,,,,
PREMATURELY,,,,,,
PRESSING,,,,,,
PRETRIAL,,,,,,
PREVENTING,,,,,,
PREVENTION,,,,,,
PREVENTS,,,,,,
PROBLEM,,,,,,
PROBLEMATIC,,,,,,
PROBLEMATICAL,,,,,,
PROBLEMS,,,,,,
PROLONG,,,,,,
PROLONGATION,,,,,,
PROLONGATIONS,,,,,,
PROLONGED,,,,,,
PROLONGING,,,,,,
PROLONGS,,,,,,
PRONE,,,,,,
PROSECUTE,,,,,,
PROSECUTED,,,,,,
PROSECUTES,,,,,,
PROSECUTING,,,,,,
PROSECUTION,,,,,,
PROSECUTIONS,,,,,,
PROTEST,,,,,,
PROTESTED,,,,,,
PROTESTER,,,,,,
PROTESTERS,,,,,,
PROTESTING,,,,,,
PROTESTOR,,,,,,
PROTESTORS,,,,,,
PROTESTS,,,,,,
PROTRACTED,,,,,,
PROTRACTION,,,,,,
PROVOKE,,,,,,
PROVOKED,,,,,,
PROVOKES,,,,,,
PROVOKING,,,,,,
PUNISHED,,,,,,
PUNISHES,,,,,,
PUNISHING,,,,,,
PUNISHMENT,,,,,,
PUNISHMENTS,,,,,,
PUNITIVE,,,,,,
PURPORT,,,,,,
PURPORTED,,,,,,
PURPORTEDLY,,,,,,
PURPORTING,,,,,,
PURPORTS,,,,,,
QUESTION,,,,,,
QUESTIONABLE,,,,,,
QUESTIONABLY,,,,,,
QUESTIONED,,,,,,
QUESTIONING,,,,,,
QUESTIONS,,,,,,
QUIT,,,,,,
QUITTING,,,,,,
RACKETEER,,,,,,
RACKETEERING,,,,,,
RATIONALIZATION,,,,,,
RATIONALIZATIONS,,,,,,
RATIONALIZE,,,,,,
RATIONALIZED,,,,,,
RATIONALIZES,,,,,,
RATIONALIZING,,,,,,
REASSESSMENT,,,,,,
REASSESSMENTS,,,,,,
REASSIGN,,,,,,
REASSIGNED,,,,,,
REASSIGNING,,,,,,
REASSIGNMENT,,,,,,
REASSIGNMENTS,,,,,,
REASSIGNS,,,,,,
RECALL,,,,,,
RECALLED,,,,,,
RECALLING,,,,,,
RECALLS,,,,,,
RECESSION,,,,,,
RECESSIONARY,,,,,,
RECESSIONS,,,,,,
RECKLESS,,,,,,
RECKLESSLY,,,,,,
RECKLESSNESS,,,,,,
REDACT,,,,,,
REDACTED,,,,,,
REDACTING,,,,,,
REDACTION,,,,,,
REDACTIONS,,,,,,
REDEFAULT,,,,,,
REDEFAULTED,,,,,,
REDEFAULTS,,,,,,
REDRESS,,,,,,
REDRESSED,,,,,,
REDRESSES,,,,,,
REDRESSING,,,,,,
REFUSAL,,,,,,
REFUSALS,,,,,,
REFUSE,,,,,,
REFUSED,,,,,,
REFUSES,,,,,,
REFUSING,,,,,,
REJECT,,,,,,
REJECTED,,,,,,
REJECTING,,,,,,
REJECTION,,,,,,
REJECTIONS,,,,,,
REJECTS,,,,,,
RELINQUISH,,,,,,
RELINQUISHED,,,,,,
RELINQUISHES,,,,,,
RELINQUISHING,,,,,,
RELINQUISHMENT,,,,,,
RELINQUISHMENTS,,,,,,
RELUCTANCE,,,,,,
RELUCTANT,,,,,,
RENEGOTIATE,,,,,,
RENEGOTIATED,,,,,,
RENEGOTIATES,,,,,,
RENEGOTIATING,,,,,,
RENEGOTIATION,,,,,,
RENEGOTIATIONS,,,,,,
RENOUNCE,,,,,,
RENOUNCED,,,,,,
RENOUNCEMENT,,,,,,
RENOUNCEMENTS,,,,,,
RENOUNCES,,,,,,
RENOUNCING,,,,,,
REPARATION,,,,,,
REPARATIONS,,,,,,
REPOSSESSED,,,,,,
REPOSSESSES,,,,,,
REPOSSESSING,,,,,,
REPOSSESSION,,,,,,
REPOSSESSIONS,,,,,,
REPUDIATE,,,,,,
REPUDIATED,,,,,,
REPUDIATES,,,,,,
REPUDIATING,,,,,,
REPUDIATION,,,,,,
REPUDIATIONS,,,,,,
RESIGN,,,,,,
RESIGNATION,,,,,,
RESIGNATIONS,,,,,,
RESIGNED,,,,,,
RESIGNING,,,,,,
RESIGNS,,,,,,
RESTATE,,,,,,
RESTATED,,,,,,
RESTATEMENT,,,,,,
RESTATEMENTS,,,,,,
RESTATES,,,,,,
RESTATING,,,,,,
RESTRUCTURE,,,,,,
RESTRUCTURED,,,,,,
RESTRUCTURES,,,,,,
RESTRUCTURING,,,,,,
RESTRUCTURINGS,,,,,,
RETALIATE,,,,,,
RETALIATED,,,,,,
RETALIATES,,,,,,
RETALIATING,,,,,,
RETALIATION,,,,,,
RETALIATIONS,,,,,,
RETALIATORY,,,,,,
RETRIBUTION,,,,,,
RETRIBUTIONS,,,,,,
REVOCATION,,,,,,
REVOCATIONS,,,,,,
REVOKE,,,,,,
REVOKED,,,,,,
REVOKES,,,,,,
REVOKING,,,,,,
RIDICULE,,,,,,
RIDICULED,,,,,,
RIDICULES,,,,,,
RIDICULING,,,,,,
RISKIER,,,,,,
RISKIEST,,,,,,
RISKY,,,,,,
SABOTAGE,,,,,,
SACRIFICE,,,,,,
SACRIFICED,,,,,,
SACRIFICES,,,,,,
SACRIFICIAL,,,,,,
SACRIFICING,,,,,,
SCANDALOUS,,,,,,
SCANDALS,,,,,,
SCRUTINIZE,,,,,,
SCRUTINIZED,,,,,,
SCRUTINIZES,,,,,,
SCRUTINIZING,,,,,,
SCRUTINY,,,,,,
SECRECY,,,,,,
SEIZE,,,,,,
SEIZED,,,,,,
SEIZES,,,,,,
SEIZING,,,,,,
SENTENCED,,,,,,
SENTENCING,,,,,,
SERIOUS,,,,,,
SERIOUSLY,,,,,,
SERIOUSNESS,,,,,,
SETBACK,,,,,,
SETBACKS,,,,,,
SEVER,,,,,,
SEVERE,,,,,,
SEVERED,,,,,,
SEVERELY,,,,,,
SEVERITIES,,,,,,
SEVERITY,,,,,,
SHARPLY,,,,,,
SHOCKED,,,,,,
SHORTAGE,,,,,,
SHORTAGES,,,,,,
SHORTFALL,,,,,,
SHORTFALLS,,,,,,
SHRINKAGE,,,,,,
SHRINKAGES,,,,,,
SHUT,,,,,,
SHUTDOWN,,,,,,
SHUTDOWNS,,,,,,
SHUTS,,,,,,
SHUTTING,,,,,,
SLANDER,,,,,,
SLANDERED,,,,,,
SLANDEROUS,,,,,,
SLANDERS,,,,,,
SLIPPAGE,,,,,,
SLIPPAGES,,,,,,
SLOW,,,,,,
SLOWDOWN,,,,,,
SLOWDOWNS,,,,,,
SLOWED,,,,,,
SLOWER,,,,,,
SLOWEST,,,,,,
SLOWING,,,,,,
SLOWLY,,,,,,
SLOWNESS,,,,,,
SLUGGISH,,,,,,
SLUGGISHLY,,,,,,
SLUGGISHNESS,,,,,,
SOLVENCIES,,,,,,
SOLVENCY,,,,,,
SPAM,,,,,,
SPAMMERS,,,,,,
SPAMMING,,,,,,
STAGGERING,,,,,,
STAGNANT,,,,,,
STAGNATE,,,,,,
STAGNATED,,,,,,
STAGNATES,,,,,,
STAGNATING,,,,,,
STAGNATION,,,,,,
STANDSTILL,,,,,,
STANDSTILLS,,,,,,
STOLEN,,,,,,
STOPPAGE,,,,,,
STOPPAGES,,,,,,
STOPPED,,,,,,
STOPPING,,,,,,
STOPS,,,,,,
STRAIN,,,,,,
STRAINED,,,,,,
STRAINING,,,,,,
STRAINS,,,,,,
STRESS,,,,,,
STRESSED,,,,,,
STRESSES,,,,,,
STRESSFUL,,,,,,
STRESSING,,,,,,
STRINGENT,,,,,,
SUBJECTED,,,,,,
SUBJECTING,,,,,,
SUBJECTION,,,,,,
SUBPOENA,,,,,,
SUBPOENAED,,,,,,
SUBPOENAS,,,,,,
SUBSTANDARD,,,,,,
SUE,,,,,,
SUED,,,,,,
SUES,,,,,,
SUFFER,,,,,,
SUFFERED,,,,,,
SUFFERING,,,,,,
SUFFERS,,,,,,
SUING,,,,,,
SUMMONED,,,,,,
SUMMONING,,,,,,
SUMMONS,,,,,,
SUMMONSES,,,,,,
SUSCEPTIBILITY,,,,,,
SUSCEPTIBLE,,,,,,
SUSPECT,,,,,,
SUSPECTED,,,,,,
SUSPECTS,,,,,,
SUSPEND,,,,,,
SUSPENDED,,,,,,
SUSPENDING,,,,,,
SUSPENDS,,,,,,
SUSPENSION,,,,,,
SUSPENSIONS,,,,,,
SUSPICION,,,,,,
SUSPICIONS,,,,,,
SUSPICIOUS,,,,,,
SUSPICIOUSLY,,,,,,
TAINT,,,,,,
TAINTED,,,,,,
TAINTING,,,,,,
TAINTS,,,,,,
TAMPERED,,,,,,
TENSE,,,,,,
TERMINATE,,,,,,
TERMINATED,,,,,,
TERMINATES,,,,,,
TERMINATING,,,,,,
TERMINATION,,,,,,
TERMINATIONS,,,,,,
TESTIFY,,,,,,
TESTIFYING,,,,,,
THREAT,,,,,,
THREATEN,,,,,,
THREATENED,,,,,,
THREATENING,,,,,,
THREATENS,,,,,,
THREATS,,,,,,
TIGHTENING,,,,,,
TOLERATE,,,,,,
TOLERATED,,,,,,
TOLERATES,,,,,,
TOLERATING,,,,,,
TOLERATION,,,,,,
TORTUOUS,,,,,,
TORTUOUSLY,,,,,,
TRAGEDIES,,,,,,
TRAGEDY,,,,,,
TRAGIC,,,,,,
TRAGICALLY,,,,,,
TRAUMATIC,,,,,,
TROUBLE,,,,,,
TROUBLED,,,,,,
TROUBLES,,,,,,
TURBULENCE,,,,,,
TURMOIL,,,,,,
UNABLE,,,,,,
UNACCEPTABLE,,,,,,
UNACCEPTABLY,,,,,,
UNACCOUNTED,,,,,,
UNANNOUNCED,,,,,,
UNANTICIPATED,,,,,,
UNAPPROVED,,,,,,
UNATTRACTIVE,,,,,,
UNAUTHORIZED,,,,,,
UNAVAILABILITY,,,,,,
UNAVAILABLE,,,,,,
UNAVOIDABLE,,,,,,
UNAVOIDABLY,,,,,,
UNAWARE,,,,,,
UNCOLLECTABLE,,,,,,
UNCOLLECTED,,,,,,
UNCOLLECTIBILITY,,,,,,
UNCOLLECTIBLE,,,,,,
UNCOLLECTIBLES,,,,,,
UNCOMPETITIVE,,,,,,
UNCOMPLETED,,,,,,
UNCONSCIONABLE,,,,,,
UNCONSCIONABLY,,,,,,
UNCONTROLLABLE,,,,,,
UNCONTROLLABLY,,,,,,
UNCONTROLLED,,,,,,
UNCORRECTED,,,,,,
UNCOVER,,,,,,
UNCOVERED,,,,,,
UNCOVERING,,,,,,
UNCOVERS,,,,,,
UNDELIVERABLE,,,,,,
UNDELIVERED,,,,,,
UNDERCAPITALIZED,,,,,,
UNDERCUT,,,,,,
UNDERCUTS,,,,,,
UNDERCUTTING,,,,,,
UNDERESTIMATE,,,,,,
UNDERESTIMATED,,,,,,
UNDERESTIMATES,,,,,,
UNDERESTIMATING,,,,,,
UNDERESTIMATION,,,,,,
UNDERFUNDED,,,,,,
UNDERINSURED,,,,,,
UNDERMINE,,,,,,
UNDERMINED,,,,,,
UNDERMINES,,,,,,
UNDERMINING,,,,,,
UNDERPAID,,,,,,
UNDERPAYMENT,,,,,,
UNDERPAYMENTS,,,,,,
UNDERPAYS,,,,,,
UNDERPERFORM,,,,,,
UNDERPERFORMANCE,,,,,,
UNDERPERFORMED,,,,,,
UNDERPERFORMING,,,,,,
UNDERPERFORMS,,,,,,
UNDERPRODUCED,,,,,,
UNDERPRODUCTION,,,,,,
UNDERREPORTING,,,,,,
UNDERSTATE,,,,,,
UNDERSTATED,,,,,,
UNDERSTATEMENT,,,,,,
UNDERSTATEMENTS,,,,,,
UNDERSTATES,,,,,,
UNDERSTATING,,,,,,
UNDERUTILIZATION,,,,,,
UNDERUTILIZED,,,,,,
UNDESIRABLE,,,,,,
UNDESIRED,,,,,,
UNDETECTED,,,,,,
UNDETERMINED,,,,,,
UNDISCLOSED,,,,,,
UNDOCUMENTED,,,,,,
UNDUE,,,,,,
UNDULY,,,,,,
UNECONOMIC,,,,,,
UNECONOMICAL,,,,,,
UNECONOMICALLY,,,,,,
UNEMPLOYED,,,,,,
UNEMPLOYMENT,,,,,,
UNETHICAL,,,,,,
UNETHICALLY,,,,,,
UNEXCUSED,,,,,,
UNEXPECTED,,,,,,
UNEXPECTEDLY,,,,,,
UNFAIR,,,,,,
UNFAIRLY,,,,,,
UNFAVORABILITY,,,,,,
UNFAVORABLE,,,,,,
UNFAVORABLY,,,,,,
UNFAVOURABLE,,,,,,
UNFEASIBLE,,,,,,
UNFIT,,,,,,
UNFITNESS,,,,,,
UNFORESEEABLE,,,,,,
UNFORESEEN,,,,,,
UNFORSEEN,,,,,,
UNFORTUNATE,,,,,,
UNFORTUNATELY,,,,,,
UNFOUNDED,,,,,,
UNFRIENDLY,,,,,,
UNFULFILLED,,,,,,
UNFUNDED,,,,,,
UNINSURED,,,,,,
UNINTENDED,,,,,,
UNINTENTIONAL,,,,,,
UNINTENTIONALLY,,,,,,
UNJUST,,,,,,
UNJUSTIFIABLE,,,,,,
UNJUSTIFIABLY,,,,,,
UNJUSTIFIED,,,,,,
UNJUSTLY,,,,,,
UNKNOWING,,,,,,
UNKNOWINGLY,,,,,,
UNLAWFUL,,,,,,
UNLAWFULLY,,,,,,
UNLICENSED,,,,,,
UNLIQUIDATED,,,,,,
UNMARKETABLE,,,,,,
UNMERCHANTABLE,,,,,,
UNMERITORIOUS,,,,,,
UNNECESSARILY,,,,,,
UNNECESSARY,,,,,,
UNNEEDED,,,,,,
UNOBTAINABLE,,,,,,
UNOCCUPIED,,,,,,
UNPAID,,,,,,
UNPERFORMED,,,,,,
UNPLANNED,,,,,,
UNPOPULAR,,,,,,
UNPREDICTABILITY,,,,,,
UNPREDICTABLE,,,,,,
UNPREDICTABLY,,,,,,
UNPREDICTED,,,,,,
UNPRODUCTIVE,,,,,,
UNPROFITABILITY,,,,,,
UNPROFITABLE,,,,,,
UNQUALIFIED,,,,,,
UNREALISTIC,,,,,,
UNREASONABLE,,,,,,
UNREASONABLENESS,,,,,,
UNREASONABLY,,,,,,
UNRECEPTIVE,,,,,,
UNRECOVERABLE,,,,,,
UNRECOVERED,,,,,,
UNREIMBURSED,,,,,,
UNRELIABLE,,,,,,
UNREMEDIED,,,,,,
UNREPORTED,,,,,,
UNRESOLVED,,,,,,
UNREST,,,,,,
UNSAFE,,,,,,
UNSALABLE,,,,,,
UNSALEABLE,,,,,,
UNSATISFACTORY,,,,,,
UNSATISFIED,,,,,,
UNSAVORY,,,,,,
UNSCHEDULED,,,,,,
UNSELLABLE,,,,,,
UNSOLD,,,,,,
UNSOUND,,,,,,
UNSTABILIZED,,,,,,
UNSTABLE,,,,,,
UNSUBSTANTIATED,,,,,,
UNSUCCESSFUL,,,,,,
UNSUCCESSFULLY,,,,,,
UNSUITABILITY,,,,,,
UNSUITABLE,,,,,,
UNSUITABLY,,,,,,
UNSUITED,,,,,,
UNSURE,,,,,,
UNSUSPECTED,,,,,,
UNSUSPECTING,,,,,,
UNSUSTAINABLE,,,,,,
UNTENABLE,,,,,,
UNTIMELY,,,,,,
UNTRUSTED,,,,,,
UNTRUTH,,,,,,
UNTRUTHFUL,,,,,,
UNTRUTHFULLY,,,,,,
UNTRUTHFULNESS,,,,,,
UNTRUTHS,,,,,,
UNUSABLE,,,,,,
UNWANTED,,,,,,
UNWARRANTED,,,,,,
UNWELCOME,,,,,,
UNWILLING,,,,,,
UNWILLINGNESS,,,,,,
UPSET,,,,,,
URGENCY,,,,,,
URGENT,,,,,,
USURIOUS,,,,,,
USURP,,,,,,
USURPED,,,,,,
USURPING,,,,,,
USURPS,,,,,,
USURY,,,,,,
VANDALISM,,,,,,
VERDICT,,,,,,
VERDICTS,,,,,,
VETOED,,,,,,
VICTIMS,,,,,,
VIOLATE,,,,,,
VIOLATED,,,,,,
VIOLATES,,,,,,
VIOLATING,,,,,,
VIOLATION,,,,,,
VIOLATIONS,,,,,,
VIOLATIVE,,,,,,
VIOLATOR,,,,,,
VIOLATORS,,,,,,
VIOLENCE,,,,,,
VIOLENT,,,,,,
VIOLENTLY,,,,,,
VITIATE,,,,,,
VITIATED,,,,,,
VITIATES,,,,,,
VITIATING,,,,,,
VITIATION,,,,,,
VOIDED,,,,,,
VOIDING,,,,,,
VOLATILE,,,,,,
VOLATILITY,,,,,,
VULNERABILITIES,,,,,,
VULNERABILITY,,,,,,
VULNERABLE,,,,,,
VULNERABLY,,,,,,
WARN,,,,,,
WARNED,,,,,,
WARNING,,,,,,
WARNINGS,,,,,,
WARNS,,,,,,
WASTED,,,,,,
WASTEFUL,,,,,,
WASTING,,,,,,
WEAK,,,,,,
WEAKEN,,,,,,
WEAKENED,,,,,,
WEAKENING,,,,,,
WEAKENS,,,,,,
WEAKER,,,,,,
WEAKEST,,,,,,
WEAKLY,,,,,,
WEAKNESS,,,,,,
WEAKNESSES,,,,,,
WILLFULLY,,,,,,
WORRIES,,,,,,
WORRY,,,,,,
WORRYING,,,,,,
WORSE,,,,,,
WORSEN,,,,,,
WORSENED,,,,,,
WORSENING,,,,,,
WORSENS,,,,,,
WORST,,,,,,
WORTHLESS,,,,,,
WRITEDOWN,,,,,,
WRITEDOWNS,,,,,,
WRITEOFF,,,,,,
WRITEOFFS,,,,,,
WRONG,,,,,,
WRONGDOING,,,,,,
WRONGDOINGS,,,,,,
WRONGFUL,,,,,,
WRONGFULLY,,,,,,
WRONGLY,,,,,,
